checked_at,ww_rows_updated_at,ww_week_end,sitemap_updated_at,sitemap_week_end,ed_rows_updated_at,ed_week_end,ed_http_last_modified,hosp_final_rows_updated_at,hosp_final_week_end,hosp_final_http_last_modified,hosp_prelim_rows_updated_at,hosp_prelim_week_end
2026-05-29T12:42:18.625500+00:00,2026-05-21T03:32:00,2026-05-16,,,2026-05-22T16:04:05+00:00,2026-05-16,,2026-05-22T15:07:39+00:00,2026-05-16,,2026-05-27T19:21:40+00:00,2026-05-23
2026-05-29T13:15:04.295983+00:00,2026-05-21T03:32:00,2026-05-16,,,2026-05-22T16:04:05+00:00,2026-05-16,,2026-05-22T15:07:39+00:00,2026-05-16,,2026-05-27T19:21:40+00:00,2026-05-23
2026-05-29T18:58:35.045550+00:00,2026-05-28T07:04:00,2026-05-23,,,2026-05-29T16:08:06+00:00,2026-05-23,,2026-05-29T13:57:05+00:00,2026-05-23,,2026-05-27T19:21:40+00:00,2026-05-23
2026-05-30T00:57:03.236023+00:00,2026-05-28T07:04:00,2026-05-23,,,2026-05-29T16:08:06+00:00,2026-05-23,,2026-05-29T13:57:05+00:00,2026-05-23,,2026-05-27T19:21:40+00:00,2026-05-23
2026-05-30T07:08:13.724264+00:00,2026-05-28T07:04:00,2026-05-23,,,2026-05-29T16:08:06+00:00,2026-05-23,,2026-05-29T13:57:05+00:00,2026-05-23,,2026-05-27T19:21:40+00:00,2026-05-23
2026-05-30T12:32:39.029481+00:00,2026-05-28T07:04:00,2026-05-23,,,2026-05-29T16:08:06+00:00,2026-05-23,,2026-05-29T13:57:05+00:00,2026-05-23,,2026-05-27T19:21:40+00:00,2026-05-23
2026-05-30T18:29:16.776291+00:00,2026-05-28T07:04:00,2026-05-23,,,2026-05-29T16:08:06+00:00,2026-05-23,,2026-05-29T13:57:05+00:00,2026-05-23,,2026-05-27T19:21:40+00:00,2026-05-23
2026-05-31T01:02:18.186002+00:00,2026-05-28T07:04:00,2026-05-23,,,2026-05-29T16:08:06+00:00,2026-05-23,,2026-05-29T13:57:05+00:00,2026-05-23,,2026-05-27T19:21:40+00:00,2026-05-23
2026-05-31T07:26:05.367152+00:00,2026-05-28T07:04:00,2026-05-23,,,2026-05-29T16:08:06+00:00,2026-05-23,,2026-05-29T13:57:05+00:00,2026-05-23,,2026-05-27T19:21:40+00:00,2026-05-23
2026-05-31T12:36:33.703647+00:00,2026-05-28T07:04:00,2026-05-23,,,2026-05-29T16:08:06+00:00,2026-05-23,,2026-05-29T13:57:05+00:00,2026-05-23,,2026-05-27T19:21:40+00:00,2026-05-23
2026-05-31T18:30:44.179611+00:00,2026-05-28T07:04:00,2026-05-23,,,2026-05-29T16:08:06+00:00,2026-05-23,,2026-05-29T13:57:05+00:00,2026-05-23,,2026-05-27T19:21:40+00:00,2026-05-23
2026-06-01T01:05:29.756943+00:00,2026-05-28T07:04:00,2026-05-23,,,2026-05-29T16:08:06+00:00,2026-05-23,,2026-05-29T13:57:05+00:00,2026-05-23,,2026-05-27T19:21:40+00:00,2026-05-23
2026-06-01T07:57:22.245391+00:00,2026-05-28T07:04:00,2026-05-23,,,2026-05-29T16:08:06+00:00,2026-05-23,,2026-05-29T13:57:05+00:00,2026-05-23,,2026-05-27T19:21:40+00:00,2026-05-23
2026-06-01T14:10:24.826425+00:00,2026-05-28T07:04:00,2026-05-23,,,2026-05-29T16:08:06+00:00,2026-05-23,,2026-05-29T13:57:05+00:00,2026-05-23,,2026-05-27T19:21:40+00:00,2026-05-23
2026-06-01T19:42:55.629884+00:00,2026-05-28T07:04:00,2026-05-23,,,2026-05-29T16:08:06+00:00,2026-05-23,,2026-05-29T13:57:05+00:00,2026-05-23,,2026-05-27T19:21:40+00:00,2026-05-23
2026-06-02T01:04:16.578040+00:00,2026-05-28T07:04:00,2026-05-23,,,2026-05-29T16:08:06+00:00,2026-05-23,,2026-05-29T13:57:05+00:00,2026-05-23,,2026-05-27T19:21:40+00:00,2026-05-23
2026-06-02T07:48:01.452490+00:00,2026-05-28T07:04:00,2026-05-23,,,2026-05-29T16:08:06+00:00,2026-05-23,,2026-05-29T13:57:05+00:00,2026-05-23,,2026-05-27T19:21:40+00:00,2026-05-23
2026-06-02T13:26:22.926599+00:00,2026-05-28T07:04:00,2026-05-23,,,2026-05-29T16:08:06+00:00,2026-05-23,,2026-05-29T13:57:05+00:00,2026-05-23,,2026-05-27T19:21:40+00:00,2026-05-23
2026-06-02T19:21:51.669126+00:00,2026-05-28T07:04:00,2026-05-23,,,2026-05-29T16:08:06+00:00,2026-05-23,,2026-05-29T13:57:05+00:00,2026-05-23,,2026-05-27T19:21:40+00:00,2026-05-23
2026-06-03T01:10:53.967083+00:00,2026-05-28T07:04:00,2026-05-23,,,2026-05-29T16:08:06+00:00,2026-05-23,,2026-05-29T13:57:05+00:00,2026-05-23,,2026-05-27T19:21:40+00:00,2026-05-23
2026-06-03T07:51:32.668837+00:00,2026-05-28T07:04:00,2026-05-23,,,2026-05-29T16:08:06+00:00,2026-05-23,,2026-05-29T13:57:05+00:00,2026-05-23,,2026-05-27T19:21:40+00:00,2026-05-23
2026-06-03T13:48:16.752497+00:00,2026-05-28T07:04:00,2026-05-23,,,2026-05-29T16:08:06+00:00,2026-05-23,,2026-05-29T13:57:05+00:00,2026-05-23,,2026-05-27T19:21:40+00:00,2026-05-23
2026-06-03T19:26:58.648898+00:00,2026-05-28T07:04:00,2026-05-23,,,2026-05-29T16:08:06+00:00,2026-05-23,,2026-05-29T13:57:05+00:00,2026-05-23,,2026-06-03T15:45:50+00:00,2026-05-30
2026-06-04T01:10:55.440804+00:00,2026-05-28T07:04:00,2026-05-23,,,2026-05-29T16:08:06+00:00,2026-05-23,,2026-05-29T13:57:05+00:00,2026-05-23,,2026-06-03T15:45:50+00:00,2026-05-30
2026-06-04T07:46:35.927836+00:00,2026-05-28T07:04:00,2026-05-23,,,2026-05-29T16:08:06+00:00,2026-05-23,,2026-05-29T13:57:05+00:00,2026-05-23,,2026-06-03T15:45:50+00:00,2026-05-30
2026-06-04T13:15:08.646752+00:00,2026-05-28T07:04:00,2026-05-23,,,2026-05-29T16:08:06+00:00,2026-05-23,,2026-05-29T13:57:05+00:00,2026-05-23,,2026-06-03T15:45:50+00:00,2026-05-30
2026-06-04T18:54:09.500934+00:00,2026-05-28T07:04:00,2026-05-23,,,2026-05-29T16:08:06+00:00,2026-05-23,,2026-05-29T13:57:05+00:00,2026-05-23,,2026-06-03T15:45:50+00:00,2026-05-30
2026-06-05T01:01:47.000238+00:00,2026-05-28T07:04:00,2026-05-23,,,2026-05-29T16:08:06+00:00,2026-05-23,,2026-05-29T13:57:05+00:00,2026-05-23,,2026-06-03T15:45:50+00:00,2026-05-30
2026-06-05T07:38:15.119217+00:00,2026-05-28T07:04:00,2026-05-23,,,2026-05-29T16:08:06+00:00,2026-05-23,,2026-05-29T13:57:05+00:00,2026-05-23,,2026-06-03T15:45:50+00:00,2026-05-30
2026-06-05T13:10:31.723083+00:00,2026-05-28T07:04:00,2026-05-23,,,2026-05-29T16:08:06+00:00,2026-05-23,,2026-05-29T13:57:05+00:00,2026-05-23,,2026-06-03T15:45:50+00:00,2026-05-30
2026-06-05T18:45:36.451604+00:00,2026-06-04T04:24:00,2026-05-30,,,2026-06-05T16:06:23+00:00,2026-05-30,,2026-06-05T13:39:17+00:00,2026-05-30,,2026-06-03T15:45:50+00:00,2026-05-30
2026-06-06T00:58:14.547335+00:00,2026-06-04T04:24:00,2026-05-30,,,2026-06-05T16:06:23+00:00,2026-05-30,,2026-06-05T13:39:17+00:00,2026-05-30,,2026-06-03T15:45:50+00:00,2026-05-30
2026-06-06T07:11:45.433907+00:00,2026-06-04T04:24:00,2026-05-30,,,2026-06-05T16:06:23+00:00,2026-05-30,,2026-06-05T13:39:17+00:00,2026-05-30,,2026-06-03T15:45:50+00:00,2026-05-30
2026-06-06T12:35:04.276038+00:00,2026-06-04T04:24:00,2026-05-30,,,2026-06-05T16:06:23+00:00,2026-05-30,,2026-06-05T13:39:17+00:00,2026-05-30,,2026-06-03T15:45:50+00:00,2026-05-30
2026-06-06T18:32:59.889879+00:00,2026-06-04T04:24:00,2026-05-30,,,2026-06-05T16:06:23+00:00,2026-05-30,,2026-06-05T13:39:17+00:00,2026-05-30,,2026-06-03T15:45:50+00:00,2026-05-30
2026-06-07T01:04:22.204203+00:00,2026-06-04T04:24:00,2026-05-30,,,2026-06-05T16:06:23+00:00,2026-05-30,,2026-06-05T13:39:17+00:00,2026-05-30,,2026-06-03T15:45:50+00:00,2026-05-30
2026-06-07T07:31:54.417177+00:00,2026-06-04T04:24:00,2026-05-30,,,2026-06-05T16:06:23+00:00,2026-05-30,,2026-06-05T13:39:17+00:00,2026-05-30,,2026-06-03T15:45:50+00:00,2026-05-30
2026-06-07T12:39:59.798283+00:00,2026-06-04T04:24:00,2026-05-30,,,2026-06-05T16:06:23+00:00,2026-05-30,,2026-06-05T13:39:17+00:00,2026-05-30,,2026-06-03T15:45:50+00:00,2026-05-30
2026-06-07T18:33:38.407260+00:00,2026-06-04T04:24:00,2026-05-30,,,2026-06-05T16:06:23+00:00,2026-05-30,,2026-06-05T13:39:17+00:00,2026-05-30,,2026-06-03T15:45:50+00:00,2026-05-30
2026-06-08T01:05:03.113218+00:00,2026-06-04T04:24:00,2026-05-30,,,2026-06-05T16:06:23+00:00,2026-05-30,,2026-06-05T13:39:17+00:00,2026-05-30,,2026-06-03T15:45:50+00:00,2026-05-30
2026-06-08T07:53:37.152104+00:00,2026-06-04T04:24:00,2026-05-30,,,2026-06-05T16:06:23+00:00,2026-05-30,,2026-06-05T13:39:17+00:00,2026-05-30,,2026-06-03T15:45:50+00:00,2026-05-30
2026-06-08T13:36:05.803339+00:00,2026-06-04T04:24:00,2026-05-30,,,2026-06-05T16:06:23+00:00,2026-05-30,,2026-06-05T13:39:17+00:00,2026-05-30,,2026-06-03T15:45:50+00:00,2026-05-30
2026-06-08T18:56:33.074492+00:00,2026-06-04T04:24:00,2026-05-30,,,2026-06-05T16:06:23+00:00,2026-05-30,,2026-06-05T13:39:17+00:00,2026-05-30,,2026-06-03T15:45:50+00:00,2026-05-30
2026-06-09T00:57:17.807682+00:00,2026-06-04T04:24:00,2026-05-30,,,2026-06-05T16:06:23+00:00,2026-05-30,,2026-06-05T13:39:17+00:00,2026-05-30,,2026-06-03T15:45:50+00:00,2026-05-30
2026-06-09T07:23:04.530516+00:00,2026-06-04T04:24:00,2026-05-30,,,2026-06-05T16:06:23+00:00,2026-05-30,,2026-06-05T13:39:17+00:00,2026-05-30,,2026-06-03T15:45:50+00:00,2026-05-30
2026-06-09T13:08:08.296039+00:00,2026-06-04T04:24:00,2026-05-30,,,2026-06-05T16:06:23+00:00,2026-05-30,,2026-06-05T13:39:17+00:00,2026-05-30,,2026-06-03T15:45:50+00:00,2026-05-30
2026-06-09T18:50:19.448004+00:00,2026-06-04T04:24:00,2026-05-30,,,2026-06-05T16:06:23+00:00,2026-05-30,,2026-06-05T13:39:17+00:00,2026-05-30,,2026-06-03T15:45:50+00:00,2026-05-30
2026-06-10T01:03:52.971412+00:00,2026-06-04T04:24:00,2026-05-30,,,2026-06-05T16:06:23+00:00,2026-05-30,,2026-06-05T13:39:17+00:00,2026-05-30,,2026-06-03T15:45:50+00:00,2026-05-30
2026-06-10T07:38:11.450140+00:00,2026-06-04T04:24:00,2026-05-30,,,2026-06-05T16:06:23+00:00,2026-05-30,,2026-06-05T13:39:17+00:00,2026-05-30,,2026-06-03T15:45:50+00:00,2026-05-30
2026-06-10T13:19:59.379772+00:00,2026-06-04T04:24:00,2026-05-30,,,2026-06-05T16:06:23+00:00,2026-05-30,,2026-06-05T13:39:17+00:00,2026-05-30,,2026-06-03T15:45:50+00:00,2026-05-30
2026-06-10T18:59:59.289577+00:00,2026-06-04T04:24:00,2026-05-30,,,2026-06-05T16:06:23+00:00,2026-05-30,,2026-06-05T13:39:17+00:00,2026-05-30,,2026-06-10T14:15:34+00:00,2026-06-06
2026-06-11T01:03:34.211353+00:00,2026-06-04T04:24:00,2026-05-30,,,2026-06-05T16:06:23+00:00,2026-05-30,,2026-06-05T13:39:17+00:00,2026-05-30,,2026-06-10T14:15:34+00:00,2026-06-06
2026-06-11T07:50:40.969524+00:00,2026-06-04T04:24:00,2026-05-30,,,2026-06-05T16:06:23+00:00,2026-05-30,,2026-06-05T13:39:17+00:00,2026-05-30,,2026-06-10T14:15:34+00:00,2026-06-06
2026-06-11T13:29:10.233681+00:00,2026-06-04T04:24:00,2026-05-30,,,2026-06-05T16:06:23+00:00,2026-05-30,,2026-06-05T13:39:17+00:00,2026-05-30,,2026-06-10T14:15:34+00:00,2026-06-06
2026-06-11T19:06:02.064010+00:00,2026-06-04T04:24:00,2026-05-30,,,2026-06-05T16:06:23+00:00,2026-05-30,,2026-06-05T13:39:17+00:00,2026-05-30,,2026-06-10T14:15:34+00:00,2026-06-06
2026-06-12T01:07:06.374713+00:00,2026-06-04T04:24:00,2026-05-30,,,2026-06-05T16:06:23+00:00,2026-05-30,,2026-06-05T13:39:17+00:00,2026-05-30,,2026-06-10T14:15:34+00:00,2026-06-06
2026-06-12T07:46:32.119173+00:00,2026-06-04T04:24:00,2026-05-30,,,2026-06-05T16:06:23+00:00,2026-05-30,,2026-06-05T13:39:17+00:00,2026-05-30,,2026-06-10T14:15:34+00:00,2026-06-06
2026-06-12T13:18:33.236368+00:00,2026-06-04T04:24:00,2026-05-30,,,2026-06-05T16:06:23+00:00,2026-05-30,,2026-06-05T13:39:17+00:00,2026-05-30,,2026-06-10T14:15:34+00:00,2026-06-06
2026-06-12T18:46:31.073352+00:00,2026-06-11T04:42:00,2026-06-06,,,2026-06-12T16:05:35+00:00,2026-06-06,,2026-06-12T15:30:21+00:00,2026-06-06,,2026-06-10T14:15:34+00:00,2026-06-06
2026-06-13T01:05:45.289210+00:00,2026-06-11T04:42:00,2026-06-06,,,2026-06-12T16:05:35+00:00,2026-06-06,,2026-06-12T15:30:21+00:00,2026-06-06,,2026-06-10T14:15:34+00:00,2026-06-06
2026-06-13T07:26:16.773535+00:00,2026-06-11T04:42:00,2026-06-06,,,2026-06-12T16:05:35+00:00,2026-06-06,,2026-06-12T15:30:21+00:00,2026-06-06,,2026-06-10T14:15:34+00:00,2026-06-06
2026-06-13T12:44:16.826992+00:00,2026-06-11T04:42:00,2026-06-06,,,2026-06-12T16:05:35+00:00,2026-06-06,,2026-06-12T15:30:21+00:00,2026-06-06,,2026-06-10T14:15:34+00:00,2026-06-06
2026-06-13T18:35:42.788709+00:00,2026-06-11T04:42:00,2026-06-06,,,2026-06-12T16:05:35+00:00,2026-06-06,,2026-06-12T15:30:21+00:00,2026-06-06,,2026-06-10T14:15:34+00:00,2026-06-06
2026-06-14T07:43:40.685337+00:00,2026-06-11T04:42:00,2026-06-06,,,2026-06-12T16:05:35+00:00,2026-06-06,,2026-06-12T15:30:21+00:00,2026-06-06,,2026-06-10T14:15:34+00:00,2026-06-06
2026-06-14T12:46:56.035752+00:00,2026-06-11T04:42:00,2026-06-06,,,2026-06-12T16:05:35+00:00,2026-06-06,,2026-06-12T15:30:21+00:00,2026-06-06,,2026-06-10T14:15:34+00:00,2026-06-06
2026-06-14T18:36:20.863880+00:00,2026-06-11T04:42:00,2026-06-06,,,2026-06-12T16:05:35+00:00,2026-06-06,,2026-06-12T15:30:21+00:00,2026-06-06,,2026-06-10T14:15:34+00:00,2026-06-06
2026-06-15T01:09:14.412991+00:00,2026-06-11T04:42:00,2026-06-06,,,2026-06-12T16:05:35+00:00,2026-06-06,,2026-06-12T15:30:21+00:00,2026-06-06,,2026-06-10T14:15:34+00:00,2026-06-06
2026-06-15T08:12:42.119031+00:00,2026-06-11T04:42:00,2026-06-06,,,2026-06-12T16:05:35+00:00,2026-06-06,,2026-06-12T15:30:21+00:00,2026-06-06,,2026-06-10T14:15:34+00:00,2026-06-06
2026-06-15T14:15:30.540038+00:00,2026-06-11T04:42:00,2026-06-06,,,2026-06-12T16:05:35+00:00,2026-06-06,,2026-06-12T15:30:21+00:00,2026-06-06,,2026-06-10T14:15:34+00:00,2026-06-06
2026-06-15T19:24:56.346038+00:00,2026-06-11T04:42:00,2026-06-06,,,2026-06-12T16:05:35+00:00,2026-06-06,,2026-06-12T15:30:21+00:00,2026-06-06,,2026-06-10T14:15:34+00:00,2026-06-06
2026-06-16T01:12:38.337965+00:00,2026-06-11T04:42:00,2026-06-06,,,2026-06-12T16:05:35+00:00,2026-06-06,,2026-06-12T15:30:21+00:00,2026-06-06,,2026-06-10T14:15:34+00:00,2026-06-06
2026-06-16T08:07:14.176277+00:00,2026-06-11T04:42:00,2026-06-06,,,2026-06-12T16:05:35+00:00,2026-06-06,,2026-06-12T15:30:21+00:00,2026-06-06,,2026-06-10T14:15:34+00:00,2026-06-06
2026-06-16T13:57:06.527004+00:00,2026-06-11T04:42:00,2026-06-06,,,2026-06-12T16:05:35+00:00,2026-06-06,,2026-06-12T15:30:21+00:00,2026-06-06,,2026-06-10T14:15:34+00:00,2026-06-06
2026-06-16T19:18:13.710406+00:00,2026-06-11T04:42:00,2026-06-06,,,2026-06-12T16:05:35+00:00,2026-06-06,,2026-06-12T15:30:21+00:00,2026-06-06,,2026-06-10T14:15:34+00:00,2026-06-06
2026-06-17T01:06:58.121275+00:00,2026-06-11T04:42:00,2026-06-06,,,2026-06-12T16:05:35+00:00,2026-06-06,,2026-06-12T15:30:21+00:00,2026-06-06,,2026-06-10T14:15:34+00:00,2026-06-06
2026-06-17T08:00:58.267614+00:00,2026-06-11T04:42:00,2026-06-06,,,2026-06-12T16:05:35+00:00,2026-06-06,,2026-06-12T15:30:21+00:00,2026-06-06,,2026-06-10T14:15:34+00:00,2026-06-06
2026-06-17T13:24:14.898347+00:00,2026-06-11T04:42:00,2026-06-06,,,2026-06-12T16:05:35+00:00,2026-06-06,,2026-06-12T15:30:21+00:00,2026-06-06,,2026-06-10T14:15:34+00:00,2026-06-06
2026-06-17T18:56:36.184416+00:00,2026-06-11T04:42:00,2026-06-06,,,2026-06-12T16:05:35+00:00,2026-06-06,,2026-06-12T15:30:21+00:00,2026-06-06,,2026-06-17T16:17:50+00:00,2026-06-13
2026-06-18T00:08:00.598346+00:00,2026-06-11T04:42:00,2026-06-06,2026-06-11T04:16:00,2026-06-06,2026-06-12T16:05:35+00:00,2026-06-06,2026-06-12T16:02:12+00:00,2026-06-12T15:30:21+00:00,2026-06-06,2026-06-12T15:26:58+00:00,2026-06-17T16:17:50+00:00,2026-06-13
2026-06-18T01:05:26.365001+00:00,2026-06-11T04:42:00,2026-06-06,2026-06-11T04:16:00,2026-06-06,2026-06-12T16:05:35+00:00,2026-06-06,2026-06-12T16:02:12+00:00,2026-06-12T15:30:21+00:00,2026-06-06,2026-06-12T15:26:58+00:00,2026-06-17T16:17:50+00:00,2026-06-13
2026-06-18T07:50:42.967031+00:00,2026-06-11T04:42:00,2026-06-06,2026-06-11T04:16:00,2026-06-06,2026-06-12T16:05:35+00:00,2026-06-06,2026-06-12T16:02:12+00:00,2026-06-12T15:30:21+00:00,2026-06-06,2026-06-12T15:26:58+00:00,2026-06-17T16:17:50+00:00,2026-06-13
2026-06-18T11:46:33.436219+00:00,2026-06-11T04:42:00,2026-06-06,2026-06-11T04:16:00,2026-06-06,2026-06-12T16:05:35+00:00,2026-06-06,2026-06-12T16:02:12+00:00,2026-06-12T15:30:21+00:00,2026-06-06,2026-06-12T15:26:58+00:00,2026-06-17T16:17:50+00:00,2026-06-13
2026-06-18T13:18:34.529509+00:00,2026-06-11T04:42:00,2026-06-06,2026-06-11T04:16:00,2026-06-06,2026-06-12T16:05:35+00:00,2026-06-06,2026-06-12T16:02:12+00:00,2026-06-12T15:30:21+00:00,2026-06-06,2026-06-12T15:26:58+00:00,2026-06-17T16:17:50+00:00,2026-06-13
2026-06-18T13:40:37.040799+00:00,2026-06-11T04:42:00,2026-06-06,2026-06-11T04:16:00,2026-06-06,2026-06-12T16:05:35+00:00,2026-06-06,2026-06-12T16:02:12+00:00,2026-06-12T15:30:21+00:00,2026-06-06,2026-06-12T15:26:58+00:00,2026-06-17T16:17:50+00:00,2026-06-13
2026-06-18T15:44:23.983681+00:00,2026-06-11T04:42:00,2026-06-06,2026-06-11T04:16:00,2026-06-06,2026-06-12T16:05:35+00:00,2026-06-06,2026-06-12T16:02:12+00:00,2026-06-12T15:30:21+00:00,2026-06-06,2026-06-12T15:26:58+00:00,2026-06-17T16:17:50+00:00,2026-06-13
2026-06-18T17:34:37.732760+00:00,2026-06-11T04:42:00,2026-06-06,2026-06-11T04:16:00,2026-06-06,2026-06-12T16:05:35+00:00,2026-06-06,2026-06-12T16:02:12+00:00,2026-06-12T15:30:21+00:00,2026-06-06,2026-06-12T15:26:58+00:00,2026-06-17T16:17:50+00:00,2026-06-13
2026-06-18T18:54:09.624045+00:00,2026-06-11T04:42:00,2026-06-06,2026-06-11T04:16:00,2026-06-06,2026-06-12T16:05:35+00:00,2026-06-06,2026-06-12T16:02:12+00:00,2026-06-12T15:30:21+00:00,2026-06-06,2026-06-12T15:26:58+00:00,2026-06-17T16:17:50+00:00,2026-06-13
2026-06-18T20:16:31.840190+00:00,2026-06-11T04:42:00,2026-06-06,2026-06-11T04:16:00,2026-06-06,2026-06-12T16:05:35+00:00,2026-06-06,2026-06-12T16:02:12+00:00,2026-06-12T15:30:21+00:00,2026-06-06,2026-06-12T15:26:58+00:00,2026-06-17T16:17:50+00:00,2026-06-13
2026-06-18T21:16:57.788431+00:00,2026-06-11T04:42:00,2026-06-06,2026-06-11T04:16:00,2026-06-06,2026-06-12T16:05:35+00:00,2026-06-06,2026-06-12T16:02:12+00:00,2026-06-12T15:30:21+00:00,2026-06-06,2026-06-12T15:26:58+00:00,2026-06-17T16:17:50+00:00,2026-06-13
2026-06-18T22:14:33.668420+00:00,2026-06-11T04:42:00,2026-06-06,2026-06-11T04:16:00,2026-06-06,2026-06-12T16:05:35+00:00,2026-06-06,2026-06-12T16:02:12+00:00,2026-06-12T15:30:21+00:00,2026-06-06,2026-06-12T15:26:58+00:00,2026-06-17T16:17:50+00:00,2026-06-13
2026-06-19T01:11:59.488645+00:00,2026-06-11T04:42:00,2026-06-06,2026-06-11T04:16:00,2026-06-06,2026-06-12T16:05:35+00:00,2026-06-06,2026-06-12T16:02:12+00:00,2026-06-12T15:30:21+00:00,2026-06-06,2026-06-12T15:26:58+00:00,2026-06-17T16:17:50+00:00,2026-06-13
2026-06-19T08:01:08.660492+00:00,2026-06-11T04:42:00,2026-06-06,2026-06-11T04:16:00,2026-06-06,2026-06-12T16:05:35+00:00,2026-06-06,2026-06-12T16:02:12+00:00,2026-06-12T15:30:21+00:00,2026-06-06,2026-06-12T15:26:58+00:00,2026-06-17T16:17:50+00:00,2026-06-13
2026-06-19T11:55:07.905691+00:00,2026-06-11T04:42:00,2026-06-06,2026-06-11T04:16:00,2026-06-06,2026-06-12T16:05:35+00:00,2026-06-06,2026-06-12T16:02:12+00:00,2026-06-12T15:30:21+00:00,2026-06-06,2026-06-12T15:26:58+00:00,2026-06-17T16:17:50+00:00,2026-06-13
2026-06-19T13:19:10.524415+00:00,2026-06-11T04:42:00,2026-06-06,2026-06-11T04:16:00,2026-06-06,2026-06-12T16:05:35+00:00,2026-06-06,2026-06-12T16:02:12+00:00,2026-06-12T15:30:21+00:00,2026-06-06,2026-06-12T15:26:58+00:00,2026-06-17T16:17:50+00:00,2026-06-13
2026-06-19T13:45:23.379657+00:00,2026-06-11T04:42:00,2026-06-06,2026-06-11T04:16:00,2026-06-06,2026-06-12T16:05:35+00:00,2026-06-06,2026-06-12T16:02:12+00:00,2026-06-12T15:30:21+00:00,2026-06-06,2026-06-12T15:26:58+00:00,2026-06-17T16:17:50+00:00,2026-06-13
2026-06-19T15:41:46.334237+00:00,2026-06-11T04:42:00,2026-06-06,2026-06-11T04:16:00,2026-06-06,2026-06-12T16:05:35+00:00,2026-06-06,2026-06-12T16:02:12+00:00,2026-06-12T15:30:21+00:00,2026-06-06,2026-06-12T15:26:58+00:00,2026-06-17T16:17:50+00:00,2026-06-13
2026-06-19T17:18:30.836426+00:00,2026-06-11T04:42:00,2026-06-06,2026-06-11T04:16:00,2026-06-06,2026-06-19T16:12:13+00:00,2026-06-13,2026-06-19T16:04:17+00:00,2026-06-12T15:30:21+00:00,2026-06-06,2026-06-12T15:26:58+00:00,2026-06-17T16:17:50+00:00,2026-06-13
2026-06-19T18:09:21.960191+00:00,2026-06-11T04:42:00,2026-06-06,2026-06-11T04:16:00,2026-06-06,2026-06-19T16:12:13+00:00,2026-06-13,2026-06-19T16:04:17+00:00,2026-06-12T15:30:21+00:00,2026-06-06,2026-06-12T15:26:58+00:00,2026-06-17T16:17:50+00:00,2026-06-13
2026-06-19T18:43:06.670107+00:00,2026-06-11T04:42:00,2026-06-06,2026-06-11T04:16:00,2026-06-06,2026-06-19T16:12:13+00:00,2026-06-13,2026-06-19T16:04:17+00:00,2026-06-12T15:30:21+00:00,2026-06-06,2026-06-12T15:26:58+00:00,2026-06-17T16:17:50+00:00,2026-06-13
2026-06-19T19:10:20.935399+00:00,2026-06-11T04:42:00,2026-06-06,2026-06-11T04:16:00,2026-06-06,2026-06-19T16:12:13+00:00,2026-06-13,2026-06-19T16:04:17+00:00,2026-06-12T15:30:21+00:00,2026-06-06,2026-06-12T15:26:58+00:00,2026-06-17T16:17:50+00:00,2026-06-13
2026-06-19T20:07:36.027222+00:00,2026-06-11T04:42:00,2026-06-06,2026-06-11T04:16:00,2026-06-06,2026-06-19T16:12:13+00:00,2026-06-13,2026-06-19T16:04:17+00:00,2026-06-12T15:30:21+00:00,2026-06-06,2026-06-12T15:26:58+00:00,2026-06-17T16:17:50+00:00,2026-06-13
2026-06-19T20:55:59.740542+00:00,2026-06-11T04:42:00,2026-06-06,2026-06-11T04:16:00,2026-06-06,2026-06-19T16:12:13+00:00,2026-06-13,2026-06-19T16:04:17+00:00,2026-06-12T15:30:21+00:00,2026-06-06,2026-06-12T15:26:58+00:00,2026-06-17T16:17:50+00:00,2026-06-13
2026-06-19T21:53:25.252244+00:00,2026-06-11T04:42:00,2026-06-06,2026-06-11T04:16:00,2026-06-06,2026-06-19T16:12:13+00:00,2026-06-13,2026-06-19T16:04:17+00:00,2026-06-12T15:30:21+00:00,2026-06-06,2026-06-12T15:26:58+00:00,2026-06-17T16:17:50+00:00,2026-06-13
2026-06-20T01:01:00.673825+00:00,2026-06-11T04:42:00,2026-06-06,2026-06-11T04:16:00,2026-06-06,2026-06-19T16:12:13+00:00,2026-06-13,2026-06-19T16:04:17+00:00,2026-06-12T15:30:21+00:00,2026-06-06,2026-06-12T15:26:58+00:00,2026-06-17T16:17:50+00:00,2026-06-13
2026-06-20T07:27:51.197612+00:00,2026-06-11T04:42:00,2026-06-06,2026-06-11T04:16:00,2026-06-06,2026-06-19T16:12:13+00:00,2026-06-13,2026-06-19T16:04:17+00:00,2026-06-12T15:30:21+00:00,2026-06-06,2026-06-12T15:26:58+00:00,2026-06-17T16:17:50+00:00,2026-06-13
2026-06-20T08:31:19.581735+00:00,2026-06-11T04:42:00,2026-06-06,2026-06-11T04:16:00,2026-06-06,2026-06-19T16:12:13+00:00,2026-06-13,2026-06-19T16:04:17+00:00,2026-06-12T15:30:21+00:00,2026-06-06,2026-06-12T15:26:58+00:00,2026-06-17T16:17:50+00:00,2026-06-13
2026-06-20T10:21:57.138537+00:00,2026-06-11T04:42:00,2026-06-06,2026-06-11T04:16:00,2026-06-06,2026-06-19T16:12:13+00:00,2026-06-13,2026-06-19T16:04:17+00:00,2026-06-12T15:30:21+00:00,2026-06-06,2026-06-12T15:26:58+00:00,2026-06-17T16:17:50+00:00,2026-06-13
2026-06-20T11:15:40.252498+00:00,2026-06-11T04:42:00,2026-06-06,2026-06-11T04:16:00,2026-06-06,2026-06-19T16:12:13+00:00,2026-06-13,2026-06-19T16:04:17+00:00,2026-06-12T15:30:21+00:00,2026-06-06,2026-06-12T15:26:58+00:00,2026-06-17T16:17:50+00:00,2026-06-13
2026-06-20T12:08:24.631189+00:00,2026-06-11T04:42:00,2026-06-06,2026-06-11T04:16:00,2026-06-06,2026-06-19T16:12:13+00:00,2026-06-13,2026-06-19T16:04:17+00:00,2026-06-12T15:30:21+00:00,2026-06-06,2026-06-12T15:26:58+00:00,2026-06-17T16:17:50+00:00,2026-06-13
2026-06-20T12:44:21.303567+00:00,2026-06-11T04:42:00,2026-06-06,2026-06-11T04:16:00,2026-06-06,2026-06-19T16:12:13+00:00,2026-06-13,2026-06-19T16:04:17+00:00,2026-06-12T15:30:21+00:00,2026-06-06,2026-06-12T15:26:58+00:00,2026-06-17T16:17:50+00:00,2026-06-13
2026-06-20T13:01:45.616531+00:00,2026-06-11T04:42:00,2026-06-06,2026-06-11T04:16:00,2026-06-06,2026-06-19T16:12:13+00:00,2026-06-13,2026-06-19T16:04:17+00:00,2026-06-12T15:30:21+00:00,2026-06-06,2026-06-12T15:26:58+00:00,2026-06-17T16:17:50+00:00,2026-06-13
2026-06-20T14:14:24.201201+00:00,2026-06-11T04:42:00,2026-06-06,2026-06-11T04:16:00,2026-06-06,2026-06-19T16:12:13+00:00,2026-06-13,2026-06-19T16:04:17+00:00,2026-06-12T15:30:21+00:00,2026-06-06,2026-06-12T15:26:58+00:00,2026-06-17T16:17:50+00:00,2026-06-13
2026-06-20T15:10:17.582296+00:00,2026-06-11T04:42:00,2026-06-06,2026-06-11T04:16:00,2026-06-06,2026-06-19T16:12:13+00:00,2026-06-13,2026-06-19T16:04:17+00:00,2026-06-12T15:30:21+00:00,2026-06-06,2026-06-12T15:26:58+00:00,2026-06-17T16:17:50+00:00,2026-06-13
2026-06-20T15:59:22.803304+00:00,2026-06-11T04:42:00,2026-06-06,2026-06-11T04:16:00,2026-06-06,2026-06-19T16:12:13+00:00,2026-06-13,2026-06-19T16:04:17+00:00,2026-06-12T15:30:21+00:00,2026-06-06,2026-06-12T15:26:58+00:00,2026-06-17T16:17:50+00:00,2026-06-13
2026-06-20T17:00:20.661196+00:00,2026-06-11T04:42:00,2026-06-06,2026-06-11T04:16:00,2026-06-06,2026-06-19T16:12:13+00:00,2026-06-13,2026-06-19T16:04:17+00:00,2026-06-12T15:30:21+00:00,2026-06-06,2026-06-12T15:26:58+00:00,2026-06-17T16:17:50+00:00,2026-06-13
2026-06-20T17:56:58.728603+00:00,2026-06-11T04:42:00,2026-06-06,2026-06-11T04:16:00,2026-06-06,2026-06-19T16:12:13+00:00,2026-06-13,2026-06-19T16:04:17+00:00,2026-06-12T15:30:21+00:00,2026-06-06,2026-06-12T15:26:58+00:00,2026-06-17T16:17:50+00:00,2026-06-13
2026-06-20T18:36:20.288186+00:00,2026-06-11T04:42:00,2026-06-06,2026-06-11T04:16:00,2026-06-06,2026-06-19T16:12:13+00:00,2026-06-13,2026-06-19T16:04:17+00:00,2026-06-12T15:30:21+00:00,2026-06-06,2026-06-12T15:26:58+00:00,2026-06-17T16:17:50+00:00,2026-06-13
2026-06-20T18:57:21.324813+00:00,2026-06-11T04:42:00,2026-06-06,2026-06-11T04:16:00,2026-06-06,2026-06-19T16:12:13+00:00,2026-06-13,2026-06-19T16:04:17+00:00,2026-06-12T15:30:21+00:00,2026-06-06,2026-06-12T15:26:58+00:00,2026-06-17T16:17:50+00:00,2026-06-13
2026-06-20T20:01:55.053605+00:00,2026-06-11T04:42:00,2026-06-06,2026-06-11T04:16:00,2026-06-06,2026-06-19T16:12:13+00:00,2026-06-13,2026-06-19T16:04:17+00:00,2026-06-12T15:30:21+00:00,2026-06-06,2026-06-12T15:26:58+00:00,2026-06-17T16:17:50+00:00,2026-06-13
2026-06-20T20:54:03.995458+00:00,2026-06-11T04:42:00,2026-06-06,2026-06-11T04:16:00,2026-06-06,2026-06-19T16:12:13+00:00,2026-06-13,2026-06-19T16:04:17+00:00,2026-06-12T15:30:21+00:00,2026-06-06,2026-06-12T15:26:58+00:00,2026-06-17T16:17:50+00:00,2026-06-13
2026-06-20T21:52:43.461632+00:00,2026-06-11T04:42:00,2026-06-06,2026-06-11T04:16:00,2026-06-06,2026-06-19T16:12:13+00:00,2026-06-13,2026-06-19T16:04:17+00:00,2026-06-12T15:30:21+00:00,2026-06-06,2026-06-12T15:26:58+00:00,2026-06-17T16:17:50+00:00,2026-06-13
2026-06-20T22:51:03.920729+00:00,2026-06-11T04:42:00,2026-06-06,2026-06-11T04:16:00,2026-06-06,2026-06-19T16:12:13+00:00,2026-06-13,2026-06-19T16:04:17+00:00,2026-06-12T15:30:21+00:00,2026-06-06,2026-06-12T15:26:58+00:00,2026-06-17T16:17:50+00:00,2026-06-13
2026-06-21T01:08:26.508890+00:00,2026-06-11T04:42:00,2026-06-06,2026-06-11T04:16:00,2026-06-06,2026-06-19T16:12:13+00:00,2026-06-13,2026-06-19T16:04:17+00:00,2026-06-12T15:30:21+00:00,2026-06-06,2026-06-12T15:26:58+00:00,2026-06-17T16:17:50+00:00,2026-06-13
2026-06-21T07:46:25.493450+00:00,2026-06-11T04:42:00,2026-06-06,2026-06-11T04:16:00,2026-06-06,2026-06-19T16:12:13+00:00,2026-06-13,2026-06-19T16:04:17+00:00,2026-06-12T15:30:21+00:00,2026-06-06,2026-06-12T15:26:58+00:00,2026-06-17T16:17:50+00:00,2026-06-13
2026-06-21T12:47:54.051598+00:00,2026-06-11T04:42:00,2026-06-06,2026-06-11T04:16:00,2026-06-06,2026-06-19T16:12:13+00:00,2026-06-13,2026-06-19T16:04:17+00:00,2026-06-12T15:30:21+00:00,2026-06-06,2026-06-12T15:26:58+00:00,2026-06-17T16:17:50+00:00,2026-06-13
2026-06-21T18:37:41.760316+00:00,2026-06-11T04:42:00,2026-06-06,2026-06-11T04:16:00,2026-06-06,2026-06-19T16:12:13+00:00,2026-06-13,2026-06-19T16:04:17+00:00,2026-06-12T15:30:21+00:00,2026-06-06,2026-06-12T15:26:58+00:00,2026-06-17T16:17:50+00:00,2026-06-13
2026-06-22T01:08:27.891677+00:00,2026-06-11T04:42:00,2026-06-06,2026-06-11T04:16:00,2026-06-06,2026-06-19T16:12:13+00:00,2026-06-13,2026-06-19T16:04:17+00:00,2026-06-12T15:30:21+00:00,2026-06-06,2026-06-12T15:26:58+00:00,2026-06-17T16:17:50+00:00,2026-06-13
2026-06-22T08:14:08.177380+00:00,2026-06-11T04:42:00,2026-06-06,2026-06-11T04:16:00,2026-06-06,2026-06-19T16:12:13+00:00,2026-06-13,2026-06-19T16:04:17+00:00,2026-06-12T15:30:21+00:00,2026-06-06,2026-06-12T15:26:58+00:00,2026-06-17T16:17:50+00:00,2026-06-13
2026-06-22T14:00:13.712644+00:00,2026-06-11T04:42:00,2026-06-06,2026-06-11T04:16:00,2026-06-06,2026-06-19T16:12:13+00:00,2026-06-13,2026-06-19T16:04:17+00:00,2026-06-22T13:43:51+00:00,2026-06-13,2026-06-22T13:42:49+00:00,2026-06-17T16:17:50+00:00,2026-06-13
2026-06-22T19:15:23.417088+00:00,2026-06-18T03:52:00,2026-06-13,2026-06-18T03:28:00,2026-06-13,2026-06-19T16:12:13+00:00,2026-06-13,2026-06-19T16:04:17+00:00,2026-06-22T13:43:51+00:00,2026-06-13,2026-06-22T13:42:49+00:00,2026-06-17T16:17:50+00:00,2026-06-13
2026-06-23T00:57:16.245586+00:00,2026-06-18T03:52:00,2026-06-13,2026-06-18T03:28:00,2026-06-13,2026-06-19T16:12:13+00:00,2026-06-13,2026-06-19T16:04:17+00:00,2026-06-22T13:43:51+00:00,2026-06-13,2026-06-22T13:42:49+00:00,2026-06-17T16:17:50+00:00,2026-06-13
2026-06-23T07:23:32.479020+00:00,2026-06-18T03:52:00,2026-06-13,2026-06-18T03:28:00,2026-06-13,2026-06-19T16:12:13+00:00,2026-06-13,2026-06-19T16:04:17+00:00,2026-06-22T13:43:51+00:00,2026-06-13,2026-06-22T13:42:49+00:00,2026-06-17T16:17:50+00:00,2026-06-13
2026-06-23T13:06:39.088505+00:00,2026-06-18T03:52:00,2026-06-13,2026-06-18T03:28:00,2026-06-13,2026-06-19T16:12:13+00:00,2026-06-13,2026-06-19T16:04:17+00:00,2026-06-22T13:43:51+00:00,2026-06-13,2026-06-22T13:42:49+00:00,2026-06-17T16:17:50+00:00,2026-06-13
2026-06-23T18:48:51.984230+00:00,2026-06-18T03:52:00,2026-06-13,2026-06-18T03:28:00,2026-06-13,2026-06-19T16:12:13+00:00,2026-06-13,2026-06-19T16:04:17+00:00,2026-06-22T13:43:51+00:00,2026-06-13,2026-06-22T13:42:49+00:00,2026-06-17T16:17:50+00:00,2026-06-13
2026-06-24T00:54:48.632389+00:00,2026-06-18T03:52:00,2026-06-13,2026-06-18T03:28:00,2026-06-13,2026-06-19T16:12:13+00:00,2026-06-13,2026-06-19T16:04:17+00:00,2026-06-22T13:43:51+00:00,2026-06-13,2026-06-22T13:42:49+00:00,2026-06-17T16:17:50+00:00,2026-06-13
2026-06-24T07:19:50.307741+00:00,2026-06-18T03:52:00,2026-06-13,2026-06-18T03:28:00,2026-06-13,2026-06-19T16:12:13+00:00,2026-06-13,2026-06-19T16:04:17+00:00,2026-06-22T13:43:51+00:00,2026-06-13,2026-06-22T13:42:49+00:00,2026-06-17T16:17:50+00:00,2026-06-13
2026-06-24T12:53:04.240036+00:00,2026-06-18T03:52:00,2026-06-13,2026-06-18T03:28:00,2026-06-13,2026-06-19T16:12:13+00:00,2026-06-13,2026-06-19T16:04:17+00:00,2026-06-22T13:43:51+00:00,2026-06-13,2026-06-22T13:42:49+00:00,2026-06-17T16:17:50+00:00,2026-06-13
2026-06-24T18:41:05.370094+00:00,2026-06-18T03:52:00,2026-06-13,2026-06-18T03:28:00,2026-06-13,2026-06-19T16:12:13+00:00,2026-06-13,2026-06-19T16:04:17+00:00,2026-06-22T13:43:51+00:00,2026-06-13,2026-06-22T13:42:49+00:00,2026-06-24T14:57:30+00:00,2026-06-20
2026-06-25T00:58:58.333829+00:00,2026-06-18T03:52:00,2026-06-13,2026-06-18T03:28:00,2026-06-13,2026-06-19T16:12:13+00:00,2026-06-13,2026-06-19T16:04:17+00:00,2026-06-22T13:43:51+00:00,2026-06-13,2026-06-22T13:42:49+00:00,2026-06-24T14:57:30+00:00,2026-06-20
2026-06-25T07:20:24.405169+00:00,2026-06-18T03:52:00,2026-06-13,2026-06-18T03:28:00,2026-06-13,2026-06-19T16:12:13+00:00,2026-06-13,2026-06-19T16:04:17+00:00,2026-06-22T13:43:51+00:00,2026-06-13,2026-06-22T13:42:49+00:00,2026-06-24T14:57:30+00:00,2026-06-20
2026-06-25T11:22:41.295379+00:00,2026-06-18T03:52:00,2026-06-13,2026-06-18T03:28:00,2026-06-13,2026-06-19T16:12:13+00:00,2026-06-13,2026-06-19T16:04:17+00:00,2026-06-22T13:43:51+00:00,2026-06-13,2026-06-22T13:42:49+00:00,2026-06-24T14:57:30+00:00,2026-06-20
2026-06-25T12:15:40.962421+00:00,2026-06-18T03:52:00,2026-06-13,2026-06-18T03:28:00,2026-06-13,2026-06-19T16:12:13+00:00,2026-06-13,2026-06-19T16:04:17+00:00,2026-06-22T13:43:51+00:00,2026-06-13,2026-06-22T13:42:49+00:00,2026-06-24T14:57:30+00:00,2026-06-20
2026-06-25T12:54:24.816643+00:00,2026-06-18T03:52:00,2026-06-13,2026-06-18T03:28:00,2026-06-13,2026-06-19T16:12:13+00:00,2026-06-13,2026-06-19T16:04:17+00:00,2026-06-22T13:43:51+00:00,2026-06-13,2026-06-22T13:42:49+00:00,2026-06-24T14:57:30+00:00,2026-06-20
2026-06-25T13:15:11.725256+00:00,2026-06-18T03:52:00,2026-06-13,2026-06-18T03:28:00,2026-06-13,2026-06-19T16:12:13+00:00,2026-06-13,2026-06-19T16:04:17+00:00,2026-06-22T13:43:51+00:00,2026-06-13,2026-06-22T13:42:49+00:00,2026-06-24T14:57:30+00:00,2026-06-20
2026-06-25T14:16:06.563946+00:00,2026-06-18T03:52:00,2026-06-13,2026-06-18T03:28:00,2026-06-13,2026-06-19T16:12:13+00:00,2026-06-13,2026-06-19T16:04:17+00:00,2026-06-22T13:43:51+00:00,2026-06-13,2026-06-22T13:42:49+00:00,2026-06-24T14:57:30+00:00,2026-06-20
2026-06-25T15:27:43.600089+00:00,2026-06-18T03:52:00,2026-06-13,2026-06-18T03:28:00,2026-06-13,2026-06-19T16:12:13+00:00,2026-06-13,2026-06-19T16:04:17+00:00,2026-06-22T13:43:51+00:00,2026-06-13,2026-06-22T13:42:49+00:00,2026-06-24T14:57:30+00:00,2026-06-20
2026-06-25T16:19:46.916929+00:00,2026-06-18T03:52:00,2026-06-13,2026-06-18T03:28:00,2026-06-13,2026-06-19T16:12:13+00:00,2026-06-13,2026-06-19T16:04:17+00:00,2026-06-22T13:43:51+00:00,2026-06-13,2026-06-22T13:42:49+00:00,2026-06-24T14:57:30+00:00,2026-06-20
2026-06-25T17:14:03.074633+00:00,2026-06-18T03:52:00,2026-06-13,2026-06-18T03:28:00,2026-06-13,2026-06-19T16:12:13+00:00,2026-06-13,2026-06-19T16:04:17+00:00,2026-06-22T13:43:51+00:00,2026-06-13,2026-06-22T13:42:49+00:00,2026-06-24T14:57:30+00:00,2026-06-20
2026-06-25T18:14:15.363636+00:00,2026-06-18T03:52:00,2026-06-13,2026-06-18T03:28:00,2026-06-13,2026-06-19T16:12:13+00:00,2026-06-13,2026-06-19T16:04:17+00:00,2026-06-22T13:43:51+00:00,2026-06-13,2026-06-22T13:42:49+00:00,2026-06-24T14:57:30+00:00,2026-06-20
2026-06-25T18:50:58.361134+00:00,2026-06-18T03:52:00,2026-06-13,2026-06-18T03:28:00,2026-06-13,2026-06-19T16:12:13+00:00,2026-06-13,2026-06-19T16:04:17+00:00,2026-06-22T13:43:51+00:00,2026-06-13,2026-06-22T13:42:49+00:00,2026-06-24T14:57:30+00:00,2026-06-20
2026-06-25T19:14:50.211086+00:00,2026-06-18T03:52:00,2026-06-13,2026-06-18T03:28:00,2026-06-13,2026-06-19T16:12:13+00:00,2026-06-13,2026-06-19T16:04:17+00:00,2026-06-22T13:43:51+00:00,2026-06-13,2026-06-22T13:42:49+00:00,2026-06-24T14:57:30+00:00,2026-06-20
2026-06-25T20:13:41.221947+00:00,2026-06-18T03:52:00,2026-06-13,2026-06-18T03:28:00,2026-06-13,2026-06-19T16:12:13+00:00,2026-06-13,2026-06-19T16:04:17+00:00,2026-06-22T13:43:51+00:00,2026-06-13,2026-06-22T13:42:49+00:00,2026-06-24T14:57:30+00:00,2026-06-20
2026-06-25T21:04:50.021066+00:00,2026-06-18T03:52:00,2026-06-13,2026-06-18T03:28:00,2026-06-13,2026-06-19T16:12:13+00:00,2026-06-13,2026-06-19T16:04:17+00:00,2026-06-22T13:43:51+00:00,2026-06-13,2026-06-22T13:42:49+00:00,2026-06-24T14:57:30+00:00,2026-06-20
2026-06-25T22:00:32.184002+00:00,2026-06-18T03:52:00,2026-06-13,2026-06-18T03:28:00,2026-06-13,2026-06-19T16:12:13+00:00,2026-06-13,2026-06-19T16:04:17+00:00,2026-06-22T13:43:51+00:00,2026-06-13,2026-06-22T13:42:49+00:00,2026-06-24T14:57:30+00:00,2026-06-20
2026-06-26T01:01:39.370891+00:00,2026-06-18T03:52:00,2026-06-13,2026-06-18T03:28:00,2026-06-13,2026-06-19T16:12:13+00:00,2026-06-13,2026-06-19T16:04:17+00:00,2026-06-22T13:43:51+00:00,2026-06-13,2026-06-22T13:42:49+00:00,2026-06-24T14:57:30+00:00,2026-06-20
2026-06-26T07:26:15.349278+00:00,2026-06-18T03:52:00,2026-06-13,2026-06-18T03:28:00,2026-06-13,2026-06-19T16:12:13+00:00,2026-06-13,2026-06-19T16:04:17+00:00,2026-06-22T13:43:51+00:00,2026-06-13,2026-06-22T13:42:49+00:00,2026-06-24T14:57:30+00:00,2026-06-20
2026-06-26T11:28:48.534913+00:00,2026-06-18T03:52:00,2026-06-13,2026-06-18T03:28:00,2026-06-13,2026-06-19T16:12:13+00:00,2026-06-13,2026-06-19T16:04:17+00:00,2026-06-22T13:43:51+00:00,2026-06-13,2026-06-22T13:42:49+00:00,2026-06-24T14:57:30+00:00,2026-06-20
2026-06-26T12:21:15.164033+00:00,2026-06-18T03:52:00,2026-06-13,2026-06-18T03:28:00,2026-06-13,2026-06-19T16:12:13+00:00,2026-06-13,2026-06-19T16:04:17+00:00,2026-06-22T13:43:51+00:00,2026-06-13,2026-06-22T13:42:49+00:00,2026-06-24T14:57:30+00:00,2026-06-20
2026-06-26T12:51:10.006924+00:00,2026-06-18T03:52:00,2026-06-13,2026-06-18T03:28:00,2026-06-13,2026-06-19T16:12:13+00:00,2026-06-13,2026-06-19T16:04:17+00:00,2026-06-22T13:43:51+00:00,2026-06-13,2026-06-22T13:42:49+00:00,2026-06-24T14:57:30+00:00,2026-06-20
2026-06-26T13:16:30.122670+00:00,2026-06-18T03:52:00,2026-06-13,2026-06-18T03:28:00,2026-06-13,2026-06-19T16:12:13+00:00,2026-06-13,2026-06-19T16:04:17+00:00,2026-06-22T13:43:51+00:00,2026-06-13,2026-06-22T13:42:49+00:00,2026-06-24T14:57:30+00:00,2026-06-20
2026-06-26T14:18:39.365911+00:00,2026-06-18T03:52:00,2026-06-13,2026-06-18T03:28:00,2026-06-13,2026-06-19T16:12:13+00:00,2026-06-13,2026-06-19T16:04:17+00:00,2026-06-22T13:43:51+00:00,2026-06-13,2026-06-22T13:42:49+00:00,2026-06-24T14:57:30+00:00,2026-06-20
2026-06-26T15:19:55.533274+00:00,2026-06-18T03:52:00,2026-06-13,2026-06-18T03:28:00,2026-06-13,2026-06-19T16:12:13+00:00,2026-06-13,2026-06-19T16:04:17+00:00,2026-06-26T15:05:35+00:00,2026-06-20,2026-06-26T15:01:45+00:00,2026-06-24T14:57:30+00:00,2026-06-20
2026-06-26T16:18:03.849366+00:00,2026-06-25T07:31:00,2026-06-20,2026-06-25T10:37:00,2026-06-20,2026-06-26T16:08:59+00:00,2026-06-20,2026-06-26T16:02:07+00:00,2026-06-26T15:05:35+00:00,2026-06-20,2026-06-26T15:01:45+00:00,2026-06-24T14:57:30+00:00,2026-06-20
2026-06-26T17:09:51.825663+00:00,2026-06-25T07:31:00,2026-06-20,2026-06-25T10:37:00,2026-06-20,2026-06-26T16:08:59+00:00,2026-06-20,2026-06-26T16:02:07+00:00,2026-06-26T15:05:35+00:00,2026-06-20,2026-06-26T15:01:45+00:00,2026-06-24T14:57:30+00:00,2026-06-20
2026-06-26T18:06:37.871580+00:00,2026-06-25T07:31:00,2026-06-20,2026-06-25T10:37:00,2026-06-20,2026-06-26T16:08:59+00:00,2026-06-20,2026-06-26T16:02:07+00:00,2026-06-26T15:05:35+00:00,2026-06-20,2026-06-26T15:01:45+00:00,2026-06-24T14:57:30+00:00,2026-06-20
2026-06-26T18:42:47.769122+00:00,2026-06-25T07:31:00,2026-06-20,2026-06-25T10:37:00,2026-06-20,2026-06-26T16:08:59+00:00,2026-06-20,2026-06-26T16:02:07+00:00,2026-06-26T15:05:35+00:00,2026-06-20,2026-06-26T15:01:45+00:00,2026-06-24T14:57:30+00:00,2026-06-20
2026-06-26T19:08:18.062556+00:00,2026-06-25T07:31:00,2026-06-20,2026-06-25T10:37:00,2026-06-20,2026-06-26T16:08:59+00:00,2026-06-20,2026-06-26T16:02:07+00:00,2026-06-26T15:05:35+00:00,2026-06-20,2026-06-26T15:01:45+00:00,2026-06-24T14:57:30+00:00,2026-06-20
2026-06-26T20:10:21.442035+00:00,2026-06-25T07:31:00,2026-06-20,2026-06-25T10:37:00,2026-06-20,2026-06-26T16:08:59+00:00,2026-06-20,2026-06-26T16:02:07+00:00,2026-06-26T15:05:35+00:00,2026-06-20,2026-06-26T15:01:45+00:00,2026-06-24T14:57:30+00:00,2026-06-20
