checked_at,ww_rows_updated_at,ww_week_end,ed_rows_updated_at,ed_week_end,hosp_final_rows_updated_at,hosp_final_week_end,hosp_prelim_rows_updated_at,hosp_prelim_week_end
2026-04-17T12:27:56.046674+00:00,2026-04-09T06:55:02.206753Z,2026-04-04,2026-04-10T16:03:30+00:00,2026-04-04,2026-04-10T16:24:28+00:00,2026-04-04,2026-04-15T15:44:50+00:00,2026-04-11
2026-04-17T19:10:46.480673+00:00,2026-04-09T06:55:02.206753Z,2026-04-04,2026-04-17T16:04:19+00:00,2026-04-11,2026-04-17T12:55:40+00:00,2026-04-11,2026-04-15T15:44:50+00:00,2026-04-11
2026-04-17T20:03:49.751540+00:00,2026-04-09T06:55:02.206753Z,2026-04-04,2026-04-17T16:04:19+00:00,2026-04-11,2026-04-17T12:55:40+00:00,2026-04-11,2026-04-15T15:44:50+00:00,2026-04-11
2026-04-18T12:38:57.153509+00:00,2026-04-09T06:55:02.206753Z,2026-04-04,2026-04-17T16:04:19+00:00,2026-04-11,2026-04-17T12:55:40+00:00,2026-04-11,2026-04-15T15:44:50+00:00,2026-04-11
2026-04-18T18:51:19.538560+00:00,2026-04-09T06:55:02.206753Z,2026-04-04,2026-04-17T16:04:19+00:00,2026-04-11,2026-04-17T12:55:40+00:00,2026-04-11,2026-04-15T15:44:50+00:00,2026-04-11
2026-04-19T00:46:25.639508+00:00,2026-04-09T06:55:02.206753Z,2026-04-04,2026-04-17T16:04:19+00:00,2026-04-11,2026-04-17T12:55:40+00:00,2026-04-11,2026-04-15T15:44:50+00:00,2026-04-11
2026-04-19T06:41:01.637296+00:00,2026-04-09T06:55:02.206753Z,2026-04-04,2026-04-17T16:04:19+00:00,2026-04-11,2026-04-17T12:55:40+00:00,2026-04-11,2026-04-15T15:44:50+00:00,2026-04-11
2026-04-19T12:18:29.461858+00:00,2026-04-09T06:55:02.206753Z,2026-04-04,2026-04-17T16:04:19+00:00,2026-04-11,2026-04-17T12:55:40+00:00,2026-04-11,2026-04-15T15:44:50+00:00,2026-04-11
2026-04-19T18:18:18.065308+00:00,2026-04-09T06:55:02.206753Z,2026-04-04,2026-04-17T16:04:19+00:00,2026-04-11,2026-04-17T12:55:40+00:00,2026-04-11,2026-04-15T15:44:50+00:00,2026-04-11
2026-04-20T00:45:55.281700+00:00,2026-04-09T06:55:02.206753Z,2026-04-04,2026-04-17T16:04:19+00:00,2026-04-11,2026-04-17T12:55:40+00:00,2026-04-11,2026-04-15T15:44:50+00:00,2026-04-11
2026-04-20T06:54:15.859444+00:00,2026-04-09T06:55:02.206753Z,2026-04-04,2026-04-17T16:04:19+00:00,2026-04-11,2026-04-17T12:55:40+00:00,2026-04-11,2026-04-15T15:44:50+00:00,2026-04-11
2026-04-20T12:33:50.426393+00:00,2026-04-09T06:55:02.206753Z,2026-04-04,2026-04-17T16:04:19+00:00,2026-04-11,2026-04-17T12:55:40+00:00,2026-04-11,2026-04-15T15:44:50+00:00,2026-04-11
2026-04-20T18:26:53.126882+00:00,2026-04-09T06:55:02.206753Z,2026-04-04,2026-04-17T16:04:19+00:00,2026-04-11,2026-04-17T12:55:40+00:00,2026-04-11,2026-04-15T15:44:50+00:00,2026-04-11
2026-04-21T00:45:37.882515+00:00,2026-04-09T06:55:02.206753Z,2026-04-04,2026-04-17T16:04:19+00:00,2026-04-11,2026-04-17T12:55:40+00:00,2026-04-11,2026-04-15T15:44:50+00:00,2026-04-11
2026-04-21T06:45:55.514358+00:00,2026-04-09T06:55:02.206753Z,2026-04-04,2026-04-17T16:04:19+00:00,2026-04-11,2026-04-17T12:55:40+00:00,2026-04-11,2026-04-15T15:44:50+00:00,2026-04-11
2026-04-21T12:30:38.230598+00:00,2026-04-09T06:55:02.206753Z,2026-04-04,2026-04-17T16:04:19+00:00,2026-04-11,2026-04-17T12:55:40+00:00,2026-04-11,2026-04-15T15:44:50+00:00,2026-04-11
2026-04-21T18:29:25.094777+00:00,2026-04-09T06:55:02.206753Z,2026-04-04,2026-04-17T16:04:19+00:00,2026-04-11,2026-04-17T12:55:40+00:00,2026-04-11,2026-04-15T15:44:50+00:00,2026-04-11
2026-04-22T00:43:11.487239+00:00,2026-04-09T06:55:02.206753Z,2026-04-04,2026-04-17T16:04:19+00:00,2026-04-11,2026-04-17T12:55:40+00:00,2026-04-11,2026-04-15T15:44:50+00:00,2026-04-11
2026-04-22T06:45:34.002965+00:00,2026-04-09T06:55:02.206753Z,2026-04-04,2026-04-17T16:04:19+00:00,2026-04-11,2026-04-17T12:55:40+00:00,2026-04-11,2026-04-15T15:44:50+00:00,2026-04-11
2026-04-22T12:29:34.996979+00:00,2026-04-09T06:55:02.206753Z,2026-04-04,2026-04-17T16:04:19+00:00,2026-04-11,2026-04-17T12:55:40+00:00,2026-04-11,2026-04-15T15:44:50+00:00,2026-04-11
2026-04-22T18:29:26.005604+00:00,2026-04-09T06:55:02.206753Z,2026-04-04,2026-04-17T16:04:19+00:00,2026-04-11,2026-04-17T12:55:40+00:00,2026-04-11,2026-04-22T15:23:49+00:00,2026-04-18
2026-04-23T00:47:29.131018+00:00,2026-04-09T06:55:02.206753Z,2026-04-04,2026-04-17T16:04:19+00:00,2026-04-11,2026-04-17T12:55:40+00:00,2026-04-11,2026-04-22T15:23:49+00:00,2026-04-18
2026-04-23T06:46:05.230956+00:00,2026-04-09T06:55:02.206753Z,2026-04-04,2026-04-17T16:04:19+00:00,2026-04-11,2026-04-17T12:55:40+00:00,2026-04-11,2026-04-22T15:23:49+00:00,2026-04-18
2026-04-23T12:29:15.064811+00:00,2026-04-09T06:55:02.206753Z,2026-04-04,2026-04-17T16:04:19+00:00,2026-04-11,2026-04-17T12:55:40+00:00,2026-04-11,2026-04-22T15:23:49+00:00,2026-04-18
2026-04-23T18:31:20.530705+00:00,2026-04-09T06:55:02.206753Z,2026-04-04,2026-04-17T16:04:19+00:00,2026-04-11,2026-04-17T12:55:40+00:00,2026-04-11,2026-04-22T15:23:49+00:00,2026-04-18
2026-04-24T00:47:45.349410+00:00,2026-04-09T06:55:02.206753Z,2026-04-04,2026-04-17T16:04:19+00:00,2026-04-11,2026-04-17T12:55:40+00:00,2026-04-11,2026-04-22T15:23:49+00:00,2026-04-18
2026-04-24T06:46:55.961131+00:00,2026-04-09T06:55:02.206753Z,2026-04-04,2026-04-17T16:04:19+00:00,2026-04-11,2026-04-17T12:55:40+00:00,2026-04-11,2026-04-22T15:23:49+00:00,2026-04-18
2026-04-24T12:29:06.409461+00:00,2026-04-09T06:55:02.206753Z,2026-04-04,2026-04-17T16:04:19+00:00,2026-04-11,2026-04-17T12:55:40+00:00,2026-04-11,2026-04-22T15:23:49+00:00,2026-04-18
2026-04-24T18:19:59.295482+00:00,2026-04-23T07:18:37.930786Z,2026-04-18,2026-04-24T16:15:13+00:00,2026-04-18,2026-04-24T13:50:07+00:00,2026-04-18,2026-04-22T15:23:49+00:00,2026-04-18
2026-04-25T00:43:12.630582+00:00,2026-04-23T07:18:37.930786Z,2026-04-18,2026-04-24T16:15:13+00:00,2026-04-18,2026-04-24T13:50:07+00:00,2026-04-18,2026-04-22T15:23:49+00:00,2026-04-18
2026-04-25T06:37:06.285936+00:00,2026-04-23T07:18:37.930786Z,2026-04-18,2026-04-24T16:15:13+00:00,2026-04-18,2026-04-24T13:50:07+00:00,2026-04-18,2026-04-22T15:23:49+00:00,2026-04-18
2026-04-25T12:20:11.986859+00:00,2026-04-23T07:18:37.930786Z,2026-04-18,2026-04-24T16:15:13+00:00,2026-04-18,2026-04-24T13:50:07+00:00,2026-04-18,2026-04-22T15:23:49+00:00,2026-04-18
2026-04-25T18:19:29.321717+00:00,2026-04-23T07:18:37.930786Z,2026-04-18,2026-04-24T16:15:13+00:00,2026-04-18,2026-04-24T13:50:07+00:00,2026-04-18,2026-04-22T15:23:49+00:00,2026-04-18
2026-04-25T19:50:45.647926+00:00,2026-04-23T07:18:37.930786Z,2026-04-18,2026-04-24T16:15:13+00:00,2026-04-18,2026-04-24T13:50:07+00:00,2026-04-18,2026-04-22T15:23:49+00:00,2026-04-18
2026-04-25T20:48:31.128140+00:00,2026-04-23T07:18:37.930786Z,2026-04-18,2026-04-24T16:15:13+00:00,2026-04-18,2026-04-24T13:50:07+00:00,2026-04-18,2026-04-22T15:23:49+00:00,2026-04-18
2026-04-25T21:47:48.954542+00:00,2026-04-23T07:18:37.930786Z,2026-04-18,2026-04-24T16:15:13+00:00,2026-04-18,2026-04-24T13:50:07+00:00,2026-04-18,2026-04-22T15:23:49+00:00,2026-04-18
2026-04-25T22:47:58.607001+00:00,2026-04-23T07:18:37.930786Z,2026-04-18,2026-04-24T16:15:13+00:00,2026-04-18,2026-04-24T13:50:07+00:00,2026-04-18,2026-04-22T15:23:49+00:00,2026-04-18
2026-04-26T00:47:54.397559+00:00,2026-04-23T07:18:37.930786Z,2026-04-18,2026-04-24T16:15:13+00:00,2026-04-18,2026-04-24T13:50:07+00:00,2026-04-18,2026-04-22T15:23:49+00:00,2026-04-18
2026-04-26T06:44:59.923394+00:00,2026-04-23T07:18:37.930786Z,2026-04-18,2026-04-24T16:15:13+00:00,2026-04-18,2026-04-24T13:50:07+00:00,2026-04-18,2026-04-22T15:23:49+00:00,2026-04-18
2026-04-26T12:22:02.169868+00:00,2026-04-23T07:18:37.930786Z,2026-04-18,2026-04-24T16:15:13+00:00,2026-04-18,2026-04-24T13:50:07+00:00,2026-04-18,2026-04-22T15:23:49+00:00,2026-04-18
2026-04-26T18:20:14.305959+00:00,2026-04-23T07:18:37.930786Z,2026-04-18,2026-04-24T16:15:13+00:00,2026-04-18,2026-04-24T13:50:07+00:00,2026-04-18,2026-04-22T15:23:49+00:00,2026-04-18
2026-04-27T00:48:11.942123+00:00,2026-04-23T07:18:37.930786Z,2026-04-18,2026-04-24T16:15:13+00:00,2026-04-18,2026-04-24T13:50:07+00:00,2026-04-18,2026-04-22T15:23:49+00:00,2026-04-18
2026-04-27T07:02:14.729969+00:00,2026-04-23T07:18:37.930786Z,2026-04-18,2026-04-24T16:15:13+00:00,2026-04-18,2026-04-24T13:50:07+00:00,2026-04-18,2026-04-22T15:23:49+00:00,2026-04-18
2026-04-27T12:40:58.514286+00:00,2026-04-23T07:18:37.930786Z,2026-04-18,2026-04-24T16:15:13+00:00,2026-04-18,2026-04-24T13:50:07+00:00,2026-04-18,2026-04-22T15:23:49+00:00,2026-04-18
2026-04-27T18:34:33.151929+00:00,2026-04-23T07:18:37.930786Z,2026-04-18,2026-04-24T16:15:13+00:00,2026-04-18,2026-04-24T13:50:07+00:00,2026-04-18,2026-04-22T15:23:49+00:00,2026-04-18
2026-04-28T00:50:23.526578+00:00,2026-04-23T07:18:37.930786Z,2026-04-18,2026-04-24T16:15:13+00:00,2026-04-18,2026-04-24T13:50:07+00:00,2026-04-18,2026-04-22T15:23:49+00:00,2026-04-18
2026-04-28T07:02:28.074164+00:00,2026-04-23T07:18:37.930786Z,2026-04-18,2026-04-24T16:15:13+00:00,2026-04-18,2026-04-24T13:50:07+00:00,2026-04-18,2026-04-22T15:23:49+00:00,2026-04-18
2026-04-28T12:44:21.369974+00:00,2026-04-23T07:18:37.930786Z,2026-04-18,2026-04-24T16:15:13+00:00,2026-04-18,2026-04-24T13:50:07+00:00,2026-04-18,2026-04-22T15:23:49+00:00,2026-04-18
2026-04-28T18:38:41.563300+00:00,2026-04-23T07:18:37.930786Z,2026-04-18,2026-04-24T16:15:13+00:00,2026-04-18,2026-04-24T13:50:07+00:00,2026-04-18,2026-04-22T15:23:49+00:00,2026-04-18
2026-04-29T00:51:44.094191+00:00,2026-04-23T07:18:37.930786Z,2026-04-18,2026-04-24T16:15:13+00:00,2026-04-18,2026-04-24T13:50:07+00:00,2026-04-18,2026-04-22T15:23:49+00:00,2026-04-18
2026-04-29T06:57:43.703429+00:00,2026-04-23T07:18:37.930786Z,2026-04-18,2026-04-24T16:15:13+00:00,2026-04-18,2026-04-24T13:50:07+00:00,2026-04-18,2026-04-22T15:23:49+00:00,2026-04-18
2026-04-29T12:41:20.384193+00:00,2026-04-23T07:18:37.930786Z,2026-04-18,2026-04-24T16:15:13+00:00,2026-04-18,2026-04-24T13:50:07+00:00,2026-04-18,2026-04-22T15:23:49+00:00,2026-04-18
2026-04-29T18:37:12.578443+00:00,2026-04-23T07:18:37.930786Z,2026-04-18,2026-04-24T16:15:13+00:00,2026-04-18,2026-04-24T13:50:07+00:00,2026-04-18,2026-04-29T18:31:21+00:00,2026-04-25
2026-04-30T00:51:36.474268+00:00,2026-04-23T07:18:37.930786Z,2026-04-18,2026-04-24T16:15:13+00:00,2026-04-18,2026-04-24T13:50:07+00:00,2026-04-18,2026-04-29T18:31:21+00:00,2026-04-25
2026-04-30T06:59:48.043131+00:00,2026-04-23T07:18:37.930786Z,2026-04-18,2026-04-24T16:15:13+00:00,2026-04-18,2026-04-24T13:50:07+00:00,2026-04-18,2026-04-29T18:31:21+00:00,2026-04-25
2026-04-30T10:13:10.547661+00:00,2026-04-23T07:18:37.930786Z,2026-04-18,2026-04-24T16:15:13+00:00,2026-04-18,2026-04-24T13:50:07+00:00,2026-04-18,2026-04-29T18:31:21+00:00,2026-04-25
2026-04-30T11:06:32.866589+00:00,2026-04-23T07:18:37.930786Z,2026-04-18,2026-04-24T16:15:13+00:00,2026-04-18,2026-04-24T13:50:07+00:00,2026-04-18,2026-04-29T18:31:21+00:00,2026-04-25
2026-04-30T11:59:00.705854+00:00,2026-04-23T07:18:37.930786Z,2026-04-18,2026-04-24T16:15:13+00:00,2026-04-18,2026-04-24T13:50:07+00:00,2026-04-18,2026-04-29T18:31:21+00:00,2026-04-25
2026-04-30T12:40:46.409051+00:00,2026-04-23T07:18:37.930786Z,2026-04-18,2026-04-24T16:15:13+00:00,2026-04-18,2026-04-24T13:50:07+00:00,2026-04-18,2026-04-29T18:31:21+00:00,2026-04-25
2026-04-30T13:01:29.905336+00:00,2026-04-23T07:18:37.930786Z,2026-04-18,2026-04-24T16:15:13+00:00,2026-04-18,2026-04-24T13:50:07+00:00,2026-04-18,2026-04-29T18:31:21+00:00,2026-04-25
2026-04-30T14:13:16.802124+00:00,2026-04-23T07:18:37.930786Z,2026-04-18,2026-04-24T16:15:13+00:00,2026-04-18,2026-04-24T13:50:07+00:00,2026-04-18,2026-04-29T18:31:21+00:00,2026-04-25
2026-04-30T15:13:59.703572+00:00,2026-04-23T07:18:37.930786Z,2026-04-18,2026-04-24T16:15:13+00:00,2026-04-18,2026-04-24T13:50:07+00:00,2026-04-18,2026-04-29T18:31:21+00:00,2026-04-25
2026-04-30T16:00:15.836494+00:00,2026-04-23T07:18:37.930786Z,2026-04-18,2026-04-24T16:15:13+00:00,2026-04-18,2026-04-24T13:50:07+00:00,2026-04-18,2026-04-29T18:31:21+00:00,2026-04-25
2026-04-30T16:58:30.577636+00:00,2026-04-23T07:18:37.930786Z,2026-04-18,2026-04-24T16:15:13+00:00,2026-04-18,2026-04-24T13:50:07+00:00,2026-04-18,2026-04-29T18:31:21+00:00,2026-04-25
2026-04-30T17:54:01.132712+00:00,2026-04-23T07:18:37.930786Z,2026-04-18,2026-04-24T16:15:13+00:00,2026-04-18,2026-04-24T13:50:07+00:00,2026-04-18,2026-04-29T18:31:21+00:00,2026-04-25
2026-04-30T18:36:39.875907+00:00,2026-04-23T07:18:37.930786Z,2026-04-18,2026-04-24T16:15:13+00:00,2026-04-18,2026-04-24T13:50:07+00:00,2026-04-18,2026-04-29T18:31:21+00:00,2026-04-25
2026-04-30T18:54:51.262711+00:00,2026-04-23T07:18:37.930786Z,2026-04-18,2026-04-24T16:15:13+00:00,2026-04-18,2026-04-24T13:50:07+00:00,2026-04-18,2026-04-29T18:31:21+00:00,2026-04-25
2026-04-30T19:58:03.890617+00:00,2026-04-23T07:18:37.930786Z,2026-04-18,2026-04-24T16:15:13+00:00,2026-04-18,2026-04-24T13:50:07+00:00,2026-04-18,2026-04-29T18:31:21+00:00,2026-04-25
2026-04-30T21:46:14.044155+00:00,2026-04-23T07:18:37.930786Z,2026-04-18,2026-04-24T16:15:13+00:00,2026-04-18,2026-04-24T13:50:07+00:00,2026-04-18,2026-04-29T18:31:21+00:00,2026-04-25
2026-05-01T00:55:08.487739+00:00,2026-04-23T07:18:37.930786Z,2026-04-18,2026-04-24T16:15:13+00:00,2026-04-18,2026-04-24T13:50:07+00:00,2026-04-18,2026-04-29T18:31:21+00:00,2026-04-25
2026-05-01T02:20:45.384641+00:00,2026-04-23T07:18:37.930786Z,2026-04-18,2026-04-24T16:15:13+00:00,2026-04-18,2026-04-24T13:50:07+00:00,2026-04-18,2026-04-29T18:31:21+00:00,2026-04-25
2026-05-01T03:46:39.359265+00:00,2026-04-23T07:18:37.930786Z,2026-04-18,2026-04-24T16:15:13+00:00,2026-04-18,2026-04-24T13:50:07+00:00,2026-04-18,2026-04-29T18:31:21+00:00,2026-04-25
2026-05-01T05:46:13.731208+00:00,2026-04-23T07:18:37.930786Z,2026-04-18,2026-04-24T16:15:13+00:00,2026-04-18,2026-04-24T13:50:07+00:00,2026-04-18,2026-04-29T18:31:21+00:00,2026-04-25
2026-05-01T07:02:16.849350+00:00,2026-04-23T07:18:37.930786Z,2026-04-18,2026-04-24T16:15:13+00:00,2026-04-18,2026-04-24T13:50:07+00:00,2026-04-18,2026-04-29T18:31:21+00:00,2026-04-25
2026-05-01T07:20:00.357436+00:00,2026-04-23T07:18:37.930786Z,2026-04-18,2026-04-24T16:15:13+00:00,2026-04-18,2026-04-24T13:50:07+00:00,2026-04-18,2026-04-29T18:31:21+00:00,2026-04-25
2026-05-01T08:16:48.456138+00:00,2026-04-23T07:18:37.930786Z,2026-04-18,2026-04-24T16:15:13+00:00,2026-04-18,2026-04-24T13:50:07+00:00,2026-04-18,2026-04-29T18:31:21+00:00,2026-04-25
2026-05-01T09:09:42.653404+00:00,2026-04-23T07:18:37.930786Z,2026-04-18,2026-04-24T16:15:13+00:00,2026-04-18,2026-04-24T13:50:07+00:00,2026-04-18,2026-04-29T18:31:21+00:00,2026-04-25
2026-05-01T10:03:18.872057+00:00,2026-04-23T07:18:37.930786Z,2026-04-18,2026-04-24T16:15:13+00:00,2026-04-18,2026-04-24T13:50:07+00:00,2026-04-18,2026-04-29T18:31:21+00:00,2026-04-25
2026-05-01T10:56:14.171327+00:00,2026-04-23T07:18:37.930786Z,2026-04-18,2026-04-24T16:15:13+00:00,2026-04-18,2026-04-24T13:50:07+00:00,2026-04-18,2026-04-29T18:31:21+00:00,2026-04-25
2026-05-01T11:49:26.231032+00:00,2026-04-23T07:18:37.930786Z,2026-04-18,2026-04-24T16:15:13+00:00,2026-04-18,2026-04-24T13:50:07+00:00,2026-04-18,2026-04-29T18:31:21+00:00,2026-04-25
2026-05-01T12:28:04.230433+00:00,2026-04-23T07:18:37.930786Z,2026-04-18,2026-04-24T16:15:13+00:00,2026-04-18,2026-04-24T13:50:07+00:00,2026-04-18,2026-04-29T18:31:21+00:00,2026-04-25
2026-05-01T12:49:47.447771+00:00,2026-04-23T07:18:37.930786Z,2026-04-18,2026-04-24T16:15:13+00:00,2026-04-18,2026-04-24T13:50:07+00:00,2026-04-18,2026-04-29T18:31:21+00:00,2026-04-25
2026-05-01T14:01:30.208930+00:00,2026-04-23T07:18:37.930786Z,2026-04-18,2026-04-24T16:15:13+00:00,2026-04-18,2026-05-01T13:47:55+00:00,2026-04-25,2026-04-29T18:31:21+00:00,2026-04-25
2026-05-01T18:29:53.634605+00:00,2026-04-30T07:28:36.242223Z,2026-04-25,2026-05-01T16:04:16+00:00,2026-04-25,2026-05-01T13:47:55+00:00,2026-04-25,2026-04-29T18:31:21+00:00,2026-04-25
2026-05-02T00:49:20.781733+00:00,2026-04-30T07:28:36.242223Z,2026-04-25,2026-05-01T16:04:16+00:00,2026-04-25,2026-05-01T13:47:55+00:00,2026-04-25,2026-04-29T18:31:21+00:00,2026-04-25
2026-05-02T06:46:20.746275+00:00,2026-04-30T07:28:36.242223Z,2026-04-25,2026-05-01T16:04:16+00:00,2026-04-25,2026-05-01T13:47:55+00:00,2026-04-25,2026-04-29T18:31:21+00:00,2026-04-25
2026-05-02T08:05:13.869774+00:00,2026-04-30T07:28:36.242223Z,2026-04-25,2026-05-01T16:04:16+00:00,2026-04-25,2026-05-01T13:47:55+00:00,2026-04-25,2026-04-29T18:31:21+00:00,2026-04-25
2026-05-02T08:54:40.026711+00:00,2026-04-30T07:28:36.242223Z,2026-04-25,2026-05-01T16:04:16+00:00,2026-04-25,2026-05-01T13:47:55+00:00,2026-04-25,2026-04-29T18:31:21+00:00,2026-04-25
2026-05-02T09:51:46.032354+00:00,2026-04-30T07:28:36.242223Z,2026-04-25,2026-05-01T16:04:16+00:00,2026-04-25,2026-05-01T13:47:55+00:00,2026-04-25,2026-04-29T18:31:21+00:00,2026-04-25
2026-05-02T10:50:06.331213+00:00,2026-04-30T07:28:36.242223Z,2026-04-25,2026-05-01T16:04:16+00:00,2026-04-25,2026-05-01T13:47:55+00:00,2026-04-25,2026-04-29T18:31:21+00:00,2026-04-25
2026-05-02T11:48:53.383275+00:00,2026-04-30T07:28:36.242223Z,2026-04-25,2026-05-01T16:04:16+00:00,2026-04-25,2026-05-01T13:47:55+00:00,2026-04-25,2026-04-29T18:31:21+00:00,2026-04-25
2026-05-02T12:24:41.349781+00:00,2026-04-30T07:28:36.242223Z,2026-04-25,2026-05-01T16:04:16+00:00,2026-04-25,2026-05-01T13:47:55+00:00,2026-04-25,2026-04-29T18:31:21+00:00,2026-04-25
2026-05-02T12:50:55.543645+00:00,2026-04-30T07:28:36.242223Z,2026-04-25,2026-05-01T16:04:16+00:00,2026-04-25,2026-05-01T13:47:55+00:00,2026-04-25,2026-04-29T18:31:21+00:00,2026-04-25
2026-05-02T13:58:15.108747+00:00,2026-04-30T07:28:36.242223Z,2026-04-25,2026-05-01T16:04:16+00:00,2026-04-25,2026-05-01T13:47:55+00:00,2026-04-25,2026-04-29T18:31:21+00:00,2026-04-25
2026-05-02T14:49:25.364217+00:00,2026-04-30T07:28:36.242223Z,2026-04-25,2026-05-01T16:04:16+00:00,2026-04-25,2026-05-01T13:47:55+00:00,2026-04-25,2026-04-29T18:31:21+00:00,2026-04-25
2026-05-02T17:48:48.687610+00:00,2026-04-30T07:28:36.242223Z,2026-04-25,2026-05-01T16:04:16+00:00,2026-04-25,2026-05-01T13:47:55+00:00,2026-04-25,2026-04-29T18:31:21+00:00,2026-04-25
2026-05-02T18:23:51.390505+00:00,2026-04-30T07:28:36.242223Z,2026-04-25,2026-05-01T16:04:16+00:00,2026-04-25,2026-05-01T13:47:55+00:00,2026-04-25,2026-04-29T18:31:21+00:00,2026-04-25
2026-05-02T18:50:34.819512+00:00,2026-04-30T07:28:36.242223Z,2026-04-25,2026-05-01T16:04:16+00:00,2026-04-25,2026-05-01T13:47:55+00:00,2026-04-25,2026-04-29T18:31:21+00:00,2026-04-25
2026-05-02T19:50:37.941930+00:00,2026-04-30T07:28:36.242223Z,2026-04-25,2026-05-01T16:04:16+00:00,2026-04-25,2026-05-01T13:47:55+00:00,2026-04-25,2026-04-29T18:31:21+00:00,2026-04-25
2026-05-02T20:48:48.272675+00:00,2026-04-30T07:28:36.242223Z,2026-04-25,2026-05-01T16:04:16+00:00,2026-04-25,2026-05-01T13:47:55+00:00,2026-04-25,2026-04-29T18:31:21+00:00,2026-04-25
2026-05-02T21:48:35.566485+00:00,2026-04-30T07:28:36.242223Z,2026-04-25,2026-05-01T16:04:16+00:00,2026-04-25,2026-05-01T13:47:55+00:00,2026-04-25,2026-04-29T18:31:21+00:00,2026-04-25
2026-05-02T22:48:45.494512+00:00,2026-04-30T07:28:36.242223Z,2026-04-25,2026-05-01T16:04:16+00:00,2026-04-25,2026-05-01T13:47:55+00:00,2026-04-25,2026-04-29T18:31:21+00:00,2026-04-25
2026-05-03T00:53:22.984559+00:00,2026-04-30T07:28:36.242223Z,2026-04-25,2026-05-01T16:04:16+00:00,2026-04-25,2026-05-01T13:47:55+00:00,2026-04-25,2026-04-29T18:31:21+00:00,2026-04-25
2026-05-03T06:58:09.143063+00:00,2026-04-30T07:28:36.242223Z,2026-04-25,2026-05-01T16:04:16+00:00,2026-04-25,2026-05-01T13:47:55+00:00,2026-04-25,2026-04-29T18:31:21+00:00,2026-04-25
2026-05-03T12:24:26.894726+00:00,2026-04-30T07:28:36.242223Z,2026-04-25,2026-05-01T16:04:16+00:00,2026-04-25,2026-05-01T13:47:55+00:00,2026-04-25,2026-04-29T18:31:21+00:00,2026-04-25
2026-05-03T18:24:02.671507+00:00,2026-04-30T07:28:36.242223Z,2026-04-25,2026-05-01T16:04:16+00:00,2026-04-25,2026-05-01T13:47:55+00:00,2026-04-25,2026-04-29T18:31:21+00:00,2026-04-25
2026-05-04T00:51:59.278643+00:00,2026-04-30T07:28:36.242223Z,2026-04-25,2026-05-01T16:04:16+00:00,2026-04-25,2026-05-01T13:47:55+00:00,2026-04-25,2026-04-29T18:31:21+00:00,2026-04-25
2026-05-04T07:11:11.398312+00:00,2026-04-30T07:28:36.242223Z,2026-04-25,2026-05-01T16:04:16+00:00,2026-04-25,2026-05-01T13:47:55+00:00,2026-04-25,2026-04-29T18:31:21+00:00,2026-04-25
2026-05-04T12:42:35.358291+00:00,2026-04-30T07:28:36.242223Z,2026-04-25,2026-05-01T16:04:16+00:00,2026-04-25,2026-05-01T13:47:55+00:00,2026-04-25,2026-04-29T18:31:21+00:00,2026-04-25
2026-05-04T18:39:33.022620+00:00,2026-04-30T07:28:36.242223Z,2026-04-25,2026-05-01T16:04:16+00:00,2026-04-25,2026-05-01T13:47:55+00:00,2026-04-25,2026-04-29T18:31:21+00:00,2026-04-25
2026-05-05T00:48:04.527303+00:00,2026-04-30T07:28:36.242223Z,2026-04-25,2026-05-01T16:04:16+00:00,2026-04-25,2026-05-01T13:47:55+00:00,2026-04-25,2026-04-29T18:31:21+00:00,2026-04-25
2026-05-05T06:53:33.301359+00:00,2026-04-30T07:28:36.242223Z,2026-04-25,2026-05-01T16:04:16+00:00,2026-04-25,2026-05-01T13:47:55+00:00,2026-04-25,2026-04-29T18:31:21+00:00,2026-04-25
2026-05-05T12:33:13.278598+00:00,2026-04-30T07:28:36.242223Z,2026-04-25,2026-05-01T16:04:16+00:00,2026-04-25,2026-05-01T13:47:55+00:00,2026-04-25,2026-04-29T18:31:21+00:00,2026-04-25
2026-05-05T18:37:54.762843+00:00,2026-04-30T07:28:36.242223Z,2026-04-25,2026-05-01T16:04:16+00:00,2026-04-25,2026-05-01T13:47:55+00:00,2026-04-25,2026-04-29T18:31:21+00:00,2026-04-25
2026-05-06T00:47:06.380286+00:00,2026-04-30T07:28:36.242223Z,2026-04-25,2026-05-01T16:04:16+00:00,2026-04-25,2026-05-01T13:47:55+00:00,2026-04-25,2026-04-29T18:31:21+00:00,2026-04-25
2026-05-06T07:03:31.267989+00:00,2026-04-30T07:28:36.242223Z,2026-04-25,2026-05-01T16:04:16+00:00,2026-04-25,2026-05-01T13:47:55+00:00,2026-04-25,2026-04-29T18:31:21+00:00,2026-04-25
2026-05-06T12:45:40.057885+00:00,2026-04-30T07:28:36.242223Z,2026-04-25,2026-05-01T16:04:16+00:00,2026-04-25,2026-05-01T13:47:55+00:00,2026-04-25,2026-04-29T18:31:21+00:00,2026-04-25
2026-05-06T18:41:14.918862+00:00,2026-04-30T07:28:36.242223Z,2026-04-25,2026-05-01T16:04:16+00:00,2026-04-25,2026-05-01T13:47:55+00:00,2026-04-25,2026-05-06T14:27:49+00:00,2026-05-02
2026-05-07T00:51:14.149531+00:00,2026-04-30T07:28:36.242223Z,2026-04-25,2026-05-01T16:04:16+00:00,2026-04-25,2026-05-01T13:47:55+00:00,2026-04-25,2026-05-06T14:27:49+00:00,2026-05-02
2026-05-07T07:08:11.685890+00:00,2026-04-30T07:28:36.242223Z,2026-04-25,2026-05-01T16:04:16+00:00,2026-04-25,2026-05-01T13:47:55+00:00,2026-04-25,2026-05-06T14:27:49+00:00,2026-05-02
2026-05-07T10:15:52.090461+00:00,2026-04-30T07:28:36.242223Z,2026-04-25,2026-05-01T16:04:16+00:00,2026-04-25,2026-05-01T13:47:55+00:00,2026-04-25,2026-05-06T14:27:49+00:00,2026-05-02
2026-05-07T11:13:13.418358+00:00,2026-04-30T07:28:36.242223Z,2026-04-25,2026-05-01T16:04:16+00:00,2026-04-25,2026-05-01T13:47:55+00:00,2026-04-25,2026-05-06T14:27:49+00:00,2026-05-02
2026-05-07T12:06:52.062369+00:00,2026-04-30T07:28:36.242223Z,2026-04-25,2026-05-01T16:04:16+00:00,2026-04-25,2026-05-01T13:47:55+00:00,2026-04-25,2026-05-06T14:27:49+00:00,2026-05-02
2026-05-07T12:46:05.642274+00:00,2026-04-30T07:28:36.242223Z,2026-04-25,2026-05-01T16:04:16+00:00,2026-04-25,2026-05-01T13:47:55+00:00,2026-04-25,2026-05-06T14:27:49+00:00,2026-05-02
2026-05-07T13:05:05.779537+00:00,2026-04-30T07:28:36.242223Z,2026-04-25,2026-05-01T16:04:16+00:00,2026-04-25,2026-05-01T13:47:55+00:00,2026-04-25,2026-05-06T14:27:49+00:00,2026-05-02
2026-05-07T14:14:34.033031+00:00,2026-04-30T07:28:36.242223Z,2026-04-25,2026-05-01T16:04:16+00:00,2026-04-25,2026-05-01T13:47:55+00:00,2026-04-25,2026-05-06T14:27:49+00:00,2026-05-02
2026-05-07T15:19:12.038210+00:00,2026-04-30T07:28:36.242223Z,2026-04-25,2026-05-01T16:04:16+00:00,2026-04-25,2026-05-01T13:47:55+00:00,2026-04-25,2026-05-06T14:27:49+00:00,2026-05-02
2026-05-07T16:11:49.462619+00:00,2026-04-30T07:28:36.242223Z,2026-04-25,2026-05-01T16:04:16+00:00,2026-04-25,2026-05-01T13:47:55+00:00,2026-04-25,2026-05-06T14:27:49+00:00,2026-05-02
2026-05-07T17:05:48.960720+00:00,2026-04-30T07:28:36.242223Z,2026-04-25,2026-05-01T16:04:16+00:00,2026-04-25,2026-05-01T13:47:55+00:00,2026-04-25,2026-05-06T14:27:49+00:00,2026-05-02
2026-05-07T18:01:24.369796+00:00,2026-04-30T07:28:36.242223Z,2026-04-25,2026-05-01T16:04:16+00:00,2026-04-25,2026-05-01T13:47:55+00:00,2026-04-25,2026-05-06T14:27:49+00:00,2026-05-02
2026-05-07T18:41:10.946064+00:00,2026-04-30T07:28:36.242223Z,2026-04-25,2026-05-01T16:04:16+00:00,2026-04-25,2026-05-01T13:47:55+00:00,2026-04-25,2026-05-06T14:27:49+00:00,2026-05-02
2026-05-07T19:04:10.155258+00:00,2026-04-30T07:28:36.242223Z,2026-04-25,2026-05-01T16:04:16+00:00,2026-04-25,2026-05-01T13:47:55+00:00,2026-04-25,2026-05-06T14:27:49+00:00,2026-05-02
2026-05-07T19:59:22.873986+00:00,2026-04-30T07:28:36.242223Z,2026-04-25,2026-05-01T16:04:16+00:00,2026-04-25,2026-05-01T13:47:55+00:00,2026-04-25,2026-05-06T14:27:49+00:00,2026-05-02
2026-05-07T20:51:06.766303+00:00,2026-04-30T07:28:36.242223Z,2026-04-25,2026-05-01T16:04:16+00:00,2026-04-25,2026-05-01T13:47:55+00:00,2026-04-25,2026-05-06T14:27:49+00:00,2026-05-02
2026-05-07T21:45:53.964688+00:00,2026-04-30T07:28:36.242223Z,2026-04-25,2026-05-01T16:04:16+00:00,2026-04-25,2026-05-01T13:47:55+00:00,2026-04-25,2026-05-06T14:27:49+00:00,2026-05-02
2026-05-08T00:51:20.226768+00:00,2026-04-30T07:28:36.242223Z,2026-04-25,2026-05-01T16:04:16+00:00,2026-04-25,2026-05-01T13:47:55+00:00,2026-04-25,2026-05-06T14:27:49+00:00,2026-05-02
2026-05-08T02:20:59.572091+00:00,2026-04-30T07:28:36.242223Z,2026-04-25,2026-05-01T16:04:16+00:00,2026-04-25,2026-05-01T13:47:55+00:00,2026-04-25,2026-05-06T14:27:49+00:00,2026-05-02
2026-05-08T03:45:42.003901+00:00,2026-04-30T07:28:36.242223Z,2026-04-25,2026-05-01T16:04:16+00:00,2026-04-25,2026-05-01T13:47:55+00:00,2026-04-25,2026-05-06T14:27:49+00:00,2026-05-02
2026-05-08T05:20:03.789747+00:00,2026-04-30T07:28:36.242223Z,2026-04-25,2026-05-01T16:04:16+00:00,2026-04-25,2026-05-01T13:47:55+00:00,2026-04-25,2026-05-06T14:27:49+00:00,2026-05-02
2026-05-08T06:09:47.420897+00:00,2026-04-30T07:28:36.242223Z,2026-04-25,2026-05-01T16:04:16+00:00,2026-04-25,2026-05-01T13:47:55+00:00,2026-04-25,2026-05-06T14:27:49+00:00,2026-05-02
2026-05-08T06:43:33.904430+00:00,2026-04-30T07:28:36.242223Z,2026-04-25,2026-05-01T16:04:16+00:00,2026-04-25,2026-05-01T13:47:55+00:00,2026-04-25,2026-05-06T14:27:49+00:00,2026-05-02
2026-05-08T07:03:50.097320+00:00,2026-04-30T07:28:36.242223Z,2026-04-25,2026-05-01T16:04:16+00:00,2026-04-25,2026-05-01T13:47:55+00:00,2026-04-25,2026-05-06T14:27:49+00:00,2026-05-02
2026-05-08T08:04:30.686091+00:00,2026-04-30T07:28:36.242223Z,2026-04-25,2026-05-01T16:04:16+00:00,2026-04-25,2026-05-01T13:47:55+00:00,2026-04-25,2026-05-06T14:27:49+00:00,2026-05-02
2026-05-08T08:58:52.139307+00:00,2026-04-30T07:28:36.242223Z,2026-04-25,2026-05-01T16:04:16+00:00,2026-04-25,2026-05-01T13:47:55+00:00,2026-04-25,2026-05-06T14:27:49+00:00,2026-05-02
2026-05-08T10:03:06.580835+00:00,2026-04-30T07:28:36.242223Z,2026-04-25,2026-05-01T16:04:16+00:00,2026-04-25,2026-05-01T13:47:55+00:00,2026-04-25,2026-05-06T14:27:49+00:00,2026-05-02
2026-05-08T10:55:58.032672+00:00,2026-04-30T07:28:36.242223Z,2026-04-25,2026-05-01T16:04:16+00:00,2026-04-25,2026-05-01T13:47:55+00:00,2026-04-25,2026-05-06T14:27:49+00:00,2026-05-02
2026-05-08T11:57:34.943441+00:00,2026-04-30T07:28:36.242223Z,2026-04-25,2026-05-01T16:04:16+00:00,2026-04-25,2026-05-01T13:47:55+00:00,2026-04-25,2026-05-06T14:27:49+00:00,2026-05-02
2026-05-08T12:37:22.215666+00:00,2026-04-30T07:28:36.242223Z,2026-04-25,2026-05-01T16:04:16+00:00,2026-04-25,2026-05-01T13:47:55+00:00,2026-04-25,2026-05-06T14:27:49+00:00,2026-05-02
2026-05-08T12:57:45.589762+00:00,2026-04-30T07:28:36.242223Z,2026-04-25,2026-05-01T16:04:16+00:00,2026-04-25,2026-05-01T13:47:55+00:00,2026-04-25,2026-05-06T14:27:49+00:00,2026-05-02
2026-05-08T14:12:49.862393+00:00,2026-04-30T07:28:36.242223Z,2026-04-25,2026-05-01T16:04:16+00:00,2026-04-25,2026-05-08T13:30:37+00:00,2026-05-02,2026-05-06T14:27:49+00:00,2026-05-02
2026-05-08T18:36:47.063458+00:00,2026-05-07T07:34:01.256565Z,2026-05-02,2026-05-08T16:03:39+00:00,2026-05-02,2026-05-08T13:30:37+00:00,2026-05-02,2026-05-06T14:27:49+00:00,2026-05-02
2026-05-09T00:51:20.364757+00:00,2026-05-07T07:34:01.256565Z,2026-05-02,2026-05-08T16:03:39+00:00,2026-05-02,2026-05-08T13:30:37+00:00,2026-05-02,2026-05-06T14:27:49+00:00,2026-05-02
2026-05-09T06:50:20.272899+00:00,2026-05-07T07:34:01.256565Z,2026-05-02,2026-05-08T16:03:39+00:00,2026-05-02,2026-05-08T13:30:37+00:00,2026-05-02,2026-05-06T14:27:49+00:00,2026-05-02
2026-05-09T08:11:42.597327+00:00,2026-05-07T07:34:01.256565Z,2026-05-02,2026-05-08T16:03:39+00:00,2026-05-02,2026-05-08T13:30:37+00:00,2026-05-02,2026-05-06T14:27:49+00:00,2026-05-02
2026-05-09T09:01:43.545351+00:00,2026-05-07T07:34:01.256565Z,2026-05-02,2026-05-08T16:03:39+00:00,2026-05-02,2026-05-08T13:30:37+00:00,2026-05-02,2026-05-06T14:27:49+00:00,2026-05-02
2026-05-09T09:56:38.314023+00:00,2026-05-07T07:34:01.256565Z,2026-05-02,2026-05-08T16:03:39+00:00,2026-05-02,2026-05-08T13:30:37+00:00,2026-05-02,2026-05-06T14:27:49+00:00,2026-05-02
2026-05-09T10:50:43.662403+00:00,2026-05-07T07:34:01.256565Z,2026-05-02,2026-05-08T16:03:39+00:00,2026-05-02,2026-05-08T13:30:37+00:00,2026-05-02,2026-05-06T14:27:49+00:00,2026-05-02
2026-05-09T11:49:48.540687+00:00,2026-05-07T07:34:01.256565Z,2026-05-02,2026-05-08T16:03:39+00:00,2026-05-02,2026-05-08T13:30:37+00:00,2026-05-02,2026-05-06T14:27:49+00:00,2026-05-02
2026-05-09T12:26:11.595251+00:00,2026-05-07T07:34:01.256565Z,2026-05-02,2026-05-08T16:03:39+00:00,2026-05-02,2026-05-08T13:30:37+00:00,2026-05-02,2026-05-06T14:27:49+00:00,2026-05-02
2026-05-09T12:51:24.120631+00:00,2026-05-07T07:34:01.256565Z,2026-05-02,2026-05-08T16:03:39+00:00,2026-05-02,2026-05-08T13:30:37+00:00,2026-05-02,2026-05-06T14:27:49+00:00,2026-05-02
2026-05-09T14:01:01.832966+00:00,2026-05-07T07:34:01.256565Z,2026-05-02,2026-05-08T16:03:39+00:00,2026-05-02,2026-05-08T13:30:37+00:00,2026-05-02,2026-05-06T14:27:49+00:00,2026-05-02
2026-05-09T14:49:50.704411+00:00,2026-05-07T07:34:01.256565Z,2026-05-02,2026-05-08T16:03:39+00:00,2026-05-02,2026-05-08T13:30:37+00:00,2026-05-02,2026-05-06T14:27:49+00:00,2026-05-02
2026-05-09T15:50:00.698853+00:00,2026-05-07T07:34:01.256565Z,2026-05-02,2026-05-08T16:03:39+00:00,2026-05-02,2026-05-08T13:30:37+00:00,2026-05-02,2026-05-06T14:27:49+00:00,2026-05-02
2026-05-09T16:50:06.897091+00:00,2026-05-07T07:34:01.256565Z,2026-05-02,2026-05-08T16:03:39+00:00,2026-05-02,2026-05-08T13:30:37+00:00,2026-05-02,2026-05-06T14:27:49+00:00,2026-05-02
2026-05-09T17:49:44.610715+00:00,2026-05-07T07:34:01.256565Z,2026-05-02,2026-05-08T16:03:39+00:00,2026-05-02,2026-05-08T13:30:37+00:00,2026-05-02,2026-05-06T14:27:49+00:00,2026-05-02
2026-05-09T18:25:11.782252+00:00,2026-05-07T07:34:01.256565Z,2026-05-02,2026-05-08T16:03:39+00:00,2026-05-02,2026-05-08T13:30:37+00:00,2026-05-02,2026-05-06T14:27:49+00:00,2026-05-02
2026-05-09T18:50:58.828315+00:00,2026-05-07T07:34:01.256565Z,2026-05-02,2026-05-08T16:03:39+00:00,2026-05-02,2026-05-08T13:30:37+00:00,2026-05-02,2026-05-06T14:27:49+00:00,2026-05-02
2026-05-09T19:51:11.669080+00:00,2026-05-07T07:34:01.256565Z,2026-05-02,2026-05-08T16:03:39+00:00,2026-05-02,2026-05-08T13:30:37+00:00,2026-05-02,2026-05-06T14:27:49+00:00,2026-05-02
2026-05-09T20:48:52.617179+00:00,2026-05-07T07:34:01.256565Z,2026-05-02,2026-05-08T16:03:39+00:00,2026-05-02,2026-05-08T13:30:37+00:00,2026-05-02,2026-05-06T14:27:49+00:00,2026-05-02
2026-05-09T21:48:51.357590+00:00,2026-05-07T07:34:01.256565Z,2026-05-02,2026-05-08T16:03:39+00:00,2026-05-02,2026-05-08T13:30:37+00:00,2026-05-02,2026-05-06T14:27:49+00:00,2026-05-02
2026-05-09T22:49:08.780183+00:00,2026-05-07T07:34:01.256565Z,2026-05-02,2026-05-08T16:03:39+00:00,2026-05-02,2026-05-08T13:30:37+00:00,2026-05-02,2026-05-06T14:27:49+00:00,2026-05-02
2026-05-10T00:55:00.509641+00:00,2026-05-07T07:34:01.256565Z,2026-05-02,2026-05-08T16:03:39+00:00,2026-05-02,2026-05-08T13:30:37+00:00,2026-05-02,2026-05-06T14:27:49+00:00,2026-05-02
2026-05-10T07:01:56.394004+00:00,2026-05-07T07:34:01.256565Z,2026-05-02,2026-05-08T16:03:39+00:00,2026-05-02,2026-05-08T13:30:37+00:00,2026-05-02,2026-05-06T14:27:49+00:00,2026-05-02
2026-05-10T12:26:08.511823+00:00,2026-05-07T07:34:01.256565Z,2026-05-02,2026-05-08T16:03:39+00:00,2026-05-02,2026-05-08T13:30:37+00:00,2026-05-02,2026-05-06T14:27:49+00:00,2026-05-02
2026-05-10T18:25:01.992444+00:00,2026-05-07T07:34:01.256565Z,2026-05-02,2026-05-08T16:03:39+00:00,2026-05-02,2026-05-08T13:30:37+00:00,2026-05-02,2026-05-06T14:27:49+00:00,2026-05-02
2026-05-11T00:55:00.368806+00:00,2026-05-07T07:34:01.256565Z,2026-05-02,2026-05-08T16:03:39+00:00,2026-05-02,2026-05-08T13:30:37+00:00,2026-05-02,2026-05-06T14:27:49+00:00,2026-05-02
2026-05-11T07:22:54.950603+00:00,2026-05-07T07:34:01.256565Z,2026-05-02,2026-05-08T16:03:39+00:00,2026-05-02,2026-05-08T13:30:37+00:00,2026-05-02,2026-05-06T14:27:49+00:00,2026-05-02
2026-05-11T13:08:35.354070+00:00,2026-05-07T07:34:01.256565Z,2026-05-02,2026-05-08T16:03:39+00:00,2026-05-02,2026-05-08T13:30:37+00:00,2026-05-02,2026-05-06T14:27:49+00:00,2026-05-02
2026-05-11T18:44:39.050149+00:00,2026-05-07T07:34:01.256565Z,2026-05-02,2026-05-08T16:03:39+00:00,2026-05-02,2026-05-08T13:30:37+00:00,2026-05-02,2026-05-06T14:27:49+00:00,2026-05-02
2026-05-12T00:49:45.281241+00:00,2026-05-07T07:34:01.256565Z,2026-05-02,2026-05-08T16:03:39+00:00,2026-05-02,2026-05-08T13:30:37+00:00,2026-05-02,2026-05-06T14:27:49+00:00,2026-05-02
2026-05-12T07:07:11.100782+00:00,2026-05-07T07:34:01.256565Z,2026-05-02,2026-05-08T16:03:39+00:00,2026-05-02,2026-05-08T13:30:37+00:00,2026-05-02,2026-05-06T14:27:49+00:00,2026-05-02
2026-05-12T12:49:25.617889+00:00,2026-05-07T07:34:01.256565Z,2026-05-02,2026-05-08T16:03:39+00:00,2026-05-02,2026-05-08T13:30:37+00:00,2026-05-02,2026-05-06T14:27:49+00:00,2026-05-02
2026-05-12T18:43:40.646886+00:00,2026-05-07T07:34:01.256565Z,2026-05-02,2026-05-08T16:03:39+00:00,2026-05-02,2026-05-08T13:30:37+00:00,2026-05-02,2026-05-06T14:27:49+00:00,2026-05-02
2026-05-13T00:54:27.941192+00:00,2026-05-07T07:34:01.256565Z,2026-05-02,2026-05-08T16:03:39+00:00,2026-05-02,2026-05-08T13:30:37+00:00,2026-05-02,2026-05-06T14:27:49+00:00,2026-05-02
2026-05-13T07:11:22.022013+00:00,2026-05-07T07:34:01.256565Z,2026-05-02,2026-05-08T16:03:39+00:00,2026-05-02,2026-05-08T13:30:37+00:00,2026-05-02,2026-05-06T14:27:49+00:00,2026-05-02
2026-05-13T12:52:28.386212+00:00,2026-05-07T07:34:01.256565Z,2026-05-02,2026-05-08T16:03:39+00:00,2026-05-02,2026-05-08T13:30:37+00:00,2026-05-02,2026-05-06T14:27:49+00:00,2026-05-02
2026-05-13T18:45:06.433337+00:00,2026-05-07T07:34:01.256565Z,2026-05-02,2026-05-08T16:03:39+00:00,2026-05-02,2026-05-08T13:30:37+00:00,2026-05-02,2026-05-13T14:17:21+00:00,2026-05-09
2026-05-14T00:56:15.916936+00:00,2026-05-07T07:34:01.256565Z,2026-05-02,2026-05-08T16:03:39+00:00,2026-05-02,2026-05-08T13:30:37+00:00,2026-05-02,2026-05-13T14:17:21+00:00,2026-05-09
2026-05-14T07:08:49.269422+00:00,2026-05-07T07:34:01.256565Z,2026-05-02,2026-05-08T16:03:39+00:00,2026-05-02,2026-05-08T13:30:37+00:00,2026-05-02,2026-05-13T14:17:21+00:00,2026-05-09
2026-05-14T10:14:11.802629+00:00,2026-05-07T07:34:01.256565Z,2026-05-02,2026-05-08T16:03:39+00:00,2026-05-02,2026-05-08T13:30:37+00:00,2026-05-02,2026-05-13T14:17:21+00:00,2026-05-09
2026-05-14T11:13:56.088033+00:00,2026-05-07T07:34:01.256565Z,2026-05-02,2026-05-08T16:03:39+00:00,2026-05-02,2026-05-08T13:30:37+00:00,2026-05-02,2026-05-13T14:17:21+00:00,2026-05-09
2026-05-14T12:05:59.258612+00:00,2026-05-07T07:34:01.256565Z,2026-05-02,2026-05-08T16:03:39+00:00,2026-05-02,2026-05-08T13:30:37+00:00,2026-05-02,2026-05-13T14:17:21+00:00,2026-05-09
2026-05-14T12:45:16.270118+00:00,2026-05-07T07:34:01.256565Z,2026-05-02,2026-05-08T16:03:39+00:00,2026-05-02,2026-05-08T13:30:37+00:00,2026-05-02,2026-05-13T14:17:21+00:00,2026-05-09
2026-05-14T13:05:55.353838+00:00,2026-05-07T07:34:01.256565Z,2026-05-02,2026-05-08T16:03:39+00:00,2026-05-02,2026-05-08T13:30:37+00:00,2026-05-02,2026-05-13T14:17:21+00:00,2026-05-09
2026-05-14T14:14:21.192919+00:00,2026-05-07T07:34:01.256565Z,2026-05-02,2026-05-08T16:03:39+00:00,2026-05-02,2026-05-08T13:30:37+00:00,2026-05-02,2026-05-13T14:17:21+00:00,2026-05-09
2026-05-14T15:15:14.446193+00:00,2026-05-07T07:34:01.256565Z,2026-05-02,2026-05-08T16:03:39+00:00,2026-05-02,2026-05-08T13:30:37+00:00,2026-05-02,2026-05-13T14:17:21+00:00,2026-05-09
2026-05-14T16:13:12.338578+00:00,2026-05-07T07:34:01.256565Z,2026-05-02,2026-05-08T16:03:39+00:00,2026-05-02,2026-05-08T13:30:37+00:00,2026-05-02,2026-05-13T14:17:21+00:00,2026-05-09
2026-05-14T17:08:32.744645+00:00,2026-05-07T07:34:01.256565Z,2026-05-02,2026-05-08T16:03:39+00:00,2026-05-02,2026-05-08T13:30:37+00:00,2026-05-02,2026-05-13T14:17:21+00:00,2026-05-09
2026-05-14T18:07:08.820257+00:00,2026-05-07T07:34:01.256565Z,2026-05-02,2026-05-08T16:03:39+00:00,2026-05-02,2026-05-08T13:30:37+00:00,2026-05-02,2026-05-13T14:17:21+00:00,2026-05-09
2026-05-14T18:43:12.089898+00:00,2026-05-07T07:34:01.256565Z,2026-05-02,2026-05-08T16:03:39+00:00,2026-05-02,2026-05-08T13:30:37+00:00,2026-05-02,2026-05-13T14:17:21+00:00,2026-05-09
2026-05-14T19:06:28.985926+00:00,2026-05-07T07:34:01.256565Z,2026-05-02,2026-05-08T16:03:39+00:00,2026-05-02,2026-05-08T13:30:37+00:00,2026-05-02,2026-05-13T14:17:21+00:00,2026-05-09
2026-05-14T20:04:46.310270+00:00,2026-05-07T07:34:01.256565Z,2026-05-02,2026-05-08T16:03:39+00:00,2026-05-02,2026-05-08T13:30:37+00:00,2026-05-02,2026-05-13T14:17:21+00:00,2026-05-09
2026-05-14T20:55:13.561131+00:00,2026-05-07T07:34:01.256565Z,2026-05-02,2026-05-08T16:03:39+00:00,2026-05-02,2026-05-08T13:30:37+00:00,2026-05-02,2026-05-13T14:17:21+00:00,2026-05-09
2026-05-14T21:51:07.103912+00:00,2026-05-07T07:34:01.256565Z,2026-05-02,2026-05-08T16:03:39+00:00,2026-05-02,2026-05-08T13:30:37+00:00,2026-05-02,2026-05-13T14:17:21+00:00,2026-05-09
2026-05-15T00:53:39.029863+00:00,2026-05-07T07:34:01.256565Z,2026-05-02,2026-05-08T16:03:39+00:00,2026-05-02,2026-05-08T13:30:37+00:00,2026-05-02,2026-05-13T14:17:21+00:00,2026-05-09
2026-05-15T02:21:36.078389+00:00,2026-05-07T07:34:01.256565Z,2026-05-02,2026-05-08T16:03:39+00:00,2026-05-02,2026-05-08T13:30:37+00:00,2026-05-02,2026-05-13T14:17:21+00:00,2026-05-09
2026-05-15T03:46:44.165039+00:00,2026-05-07T07:34:01.256565Z,2026-05-02,2026-05-08T16:03:39+00:00,2026-05-02,2026-05-08T13:30:37+00:00,2026-05-02,2026-05-13T14:17:21+00:00,2026-05-09
2026-05-15T05:48:43.191986+00:00,2026-05-07T07:34:01.256565Z,2026-05-02,2026-05-08T16:03:39+00:00,2026-05-02,2026-05-08T13:30:37+00:00,2026-05-02,2026-05-13T14:17:21+00:00,2026-05-09
2026-05-15T07:15:29.779910+00:00,2026-05-07T07:34:01.256565Z,2026-05-02,2026-05-08T16:03:39+00:00,2026-05-02,2026-05-08T13:30:37+00:00,2026-05-02,2026-05-13T14:17:21+00:00,2026-05-09
2026-05-15T07:36:17.158548+00:00,2026-05-07T07:34:01.256565Z,2026-05-02,2026-05-08T16:03:39+00:00,2026-05-02,2026-05-08T13:30:37+00:00,2026-05-02,2026-05-13T14:17:21+00:00,2026-05-09
2026-05-15T09:31:29.944893+00:00,2026-05-07T07:34:01.256565Z,2026-05-02,2026-05-08T16:03:39+00:00,2026-05-02,2026-05-08T13:30:37+00:00,2026-05-02,2026-05-13T14:17:21+00:00,2026-05-09
2026-05-15T11:18:23.550416+00:00,2026-05-07T07:34:01.256565Z,2026-05-02,2026-05-08T16:03:39+00:00,2026-05-02,2026-05-08T13:30:37+00:00,2026-05-02,2026-05-13T14:17:21+00:00,2026-05-09
2026-05-15T12:10:16.689471+00:00,2026-05-07T07:34:01.256565Z,2026-05-02,2026-05-08T16:03:39+00:00,2026-05-02,2026-05-08T13:30:37+00:00,2026-05-02,2026-05-13T14:17:21+00:00,2026-05-09
2026-05-15T12:44:33.594414+00:00,2026-05-07T07:34:01.256565Z,2026-05-02,2026-05-08T16:03:39+00:00,2026-05-02,2026-05-08T13:30:37+00:00,2026-05-02,2026-05-13T14:17:21+00:00,2026-05-09
2026-05-15T13:07:49.508900+00:00,2026-05-07T07:34:01.256565Z,2026-05-02,2026-05-08T16:03:39+00:00,2026-05-02,2026-05-08T13:30:37+00:00,2026-05-02,2026-05-13T14:17:21+00:00,2026-05-09
2026-05-15T14:17:04.416253+00:00,2026-05-07T07:34:01.256565Z,2026-05-02,2026-05-08T16:03:39+00:00,2026-05-02,2026-05-15T13:45:31+00:00,2026-05-09,2026-05-13T14:17:21+00:00,2026-05-09
2026-05-15T18:39:29.757023+00:00,2026-05-07T07:34:01.256565Z,2026-05-02,2026-05-15T16:10:58+00:00,2026-05-09,2026-05-15T13:45:31+00:00,2026-05-09,2026-05-13T14:17:21+00:00,2026-05-09
2026-05-16T00:50:40.681015+00:00,2026-05-07T07:34:01.256565Z,2026-05-02,2026-05-15T16:10:58+00:00,2026-05-09,2026-05-15T13:45:31+00:00,2026-05-09,2026-05-13T14:17:21+00:00,2026-05-09
2026-05-16T06:54:03.624174+00:00,2026-05-07T07:34:01.256565Z,2026-05-02,2026-05-15T16:10:58+00:00,2026-05-09,2026-05-15T13:45:31+00:00,2026-05-09,2026-05-13T14:17:21+00:00,2026-05-09
2026-05-16T08:17:22.830851+00:00,2026-05-07T07:34:01.256565Z,2026-05-02,2026-05-15T16:10:58+00:00,2026-05-09,2026-05-15T13:45:31+00:00,2026-05-09,2026-05-13T14:17:21+00:00,2026-05-09
2026-05-16T09:07:48.171423+00:00,2026-05-07T07:34:01.256565Z,2026-05-02,2026-05-15T16:10:58+00:00,2026-05-09,2026-05-15T13:45:31+00:00,2026-05-09,2026-05-13T14:17:21+00:00,2026-05-09
2026-05-16T10:02:24.098348+00:00,2026-05-07T07:34:01.256565Z,2026-05-02,2026-05-15T16:10:58+00:00,2026-05-09,2026-05-15T13:45:31+00:00,2026-05-09,2026-05-13T14:17:21+00:00,2026-05-09
2026-05-16T10:51:43.859908+00:00,2026-05-07T07:34:01.256565Z,2026-05-02,2026-05-15T16:10:58+00:00,2026-05-09,2026-05-15T13:45:31+00:00,2026-05-09,2026-05-13T14:17:21+00:00,2026-05-09
2026-05-16T11:49:46.348510+00:00,2026-05-07T07:34:01.256565Z,2026-05-02,2026-05-15T16:10:58+00:00,2026-05-09,2026-05-15T13:45:31+00:00,2026-05-09,2026-05-13T14:17:21+00:00,2026-05-09
2026-05-16T12:28:26.544612+00:00,2026-05-07T07:34:01.256565Z,2026-05-02,2026-05-15T16:10:58+00:00,2026-05-09,2026-05-15T13:45:31+00:00,2026-05-09,2026-05-13T14:17:21+00:00,2026-05-09
2026-05-16T12:51:50.892034+00:00,2026-05-07T07:34:01.256565Z,2026-05-02,2026-05-15T16:10:58+00:00,2026-05-09,2026-05-15T13:45:31+00:00,2026-05-09,2026-05-13T14:17:21+00:00,2026-05-09
2026-05-16T14:04:54.391305+00:00,2026-05-07T07:34:01.256565Z,2026-05-02,2026-05-15T16:10:58+00:00,2026-05-09,2026-05-15T13:45:31+00:00,2026-05-09,2026-05-13T14:17:21+00:00,2026-05-09
2026-05-16T14:50:31.278459+00:00,2026-05-07T07:34:01.256565Z,2026-05-02,2026-05-15T16:10:58+00:00,2026-05-09,2026-05-15T13:45:31+00:00,2026-05-09,2026-05-13T14:17:21+00:00,2026-05-09
2026-05-16T15:50:46.678090+00:00,2026-05-07T07:34:01.256565Z,2026-05-02,2026-05-15T16:10:58+00:00,2026-05-09,2026-05-15T13:45:31+00:00,2026-05-09,2026-05-13T14:17:21+00:00,2026-05-09
2026-05-16T16:50:40.332910+00:00,2026-05-07T07:34:01.256565Z,2026-05-02,2026-05-15T16:10:58+00:00,2026-05-09,2026-05-15T13:45:31+00:00,2026-05-09,2026-05-13T14:17:21+00:00,2026-05-09
2026-05-16T17:50:44.010004+00:00,2026-05-07T07:34:01.256565Z,2026-05-02,2026-05-15T16:10:58+00:00,2026-05-09,2026-05-15T13:45:31+00:00,2026-05-09,2026-05-13T14:17:21+00:00,2026-05-09
2026-05-16T18:24:36.005149+00:00,2026-05-07T07:34:01.256565Z,2026-05-02,2026-05-15T16:10:58+00:00,2026-05-09,2026-05-15T13:45:31+00:00,2026-05-09,2026-05-13T14:17:21+00:00,2026-05-09
2026-05-16T18:50:51.240837+00:00,2026-05-07T07:34:01.256565Z,2026-05-02,2026-05-15T16:10:58+00:00,2026-05-09,2026-05-15T13:45:31+00:00,2026-05-09,2026-05-13T14:17:21+00:00,2026-05-09
2026-05-16T19:52:40.488977+00:00,2026-05-07T07:34:01.256565Z,2026-05-02,2026-05-15T16:10:58+00:00,2026-05-09,2026-05-15T13:45:31+00:00,2026-05-09,2026-05-13T14:17:21+00:00,2026-05-09
2026-05-16T20:49:17.552149+00:00,2026-05-07T07:34:01.256565Z,2026-05-02,2026-05-15T16:10:58+00:00,2026-05-09,2026-05-15T13:45:31+00:00,2026-05-09,2026-05-13T14:17:21+00:00,2026-05-09
2026-05-16T21:49:21.775528+00:00,2026-05-07T07:34:01.256565Z,2026-05-02,2026-05-15T16:10:58+00:00,2026-05-09,2026-05-15T13:45:31+00:00,2026-05-09,2026-05-13T14:17:21+00:00,2026-05-09
2026-05-16T22:48:56.470505+00:00,2026-05-07T07:34:01.256565Z,2026-05-02,2026-05-15T16:10:58+00:00,2026-05-09,2026-05-15T13:45:31+00:00,2026-05-09,2026-05-13T14:17:21+00:00,2026-05-09
2026-05-17T00:56:08.678734+00:00,2026-05-07T07:34:01.256565Z,2026-05-02,2026-05-15T16:10:58+00:00,2026-05-09,2026-05-15T13:45:31+00:00,2026-05-09,2026-05-13T14:17:21+00:00,2026-05-09
2026-05-17T07:05:08.912516+00:00,2026-05-07T07:34:01.256565Z,2026-05-02,2026-05-15T16:10:58+00:00,2026-05-09,2026-05-15T13:45:31+00:00,2026-05-09,2026-05-13T14:17:21+00:00,2026-05-09
2026-05-17T12:26:50.476323+00:00,2026-05-07T07:34:01.256565Z,2026-05-02,2026-05-15T16:10:58+00:00,2026-05-09,2026-05-15T13:45:31+00:00,2026-05-09,2026-05-13T14:17:21+00:00,2026-05-09
2026-05-17T18:27:45.879318+00:00,2026-05-07T07:34:01.256565Z,2026-05-02,2026-05-15T16:10:58+00:00,2026-05-09,2026-05-15T13:45:31+00:00,2026-05-09,2026-05-13T14:17:21+00:00,2026-05-09
2026-05-18T00:57:06.396785+00:00,2026-05-07T07:34:01.256565Z,2026-05-02,2026-05-15T16:10:58+00:00,2026-05-09,2026-05-15T13:45:31+00:00,2026-05-09,2026-05-13T14:17:21+00:00,2026-05-09
2026-05-18T07:34:00.062551+00:00,2026-05-07T07:34:01.256565Z,2026-05-02,2026-05-15T16:10:58+00:00,2026-05-09,2026-05-15T13:45:31+00:00,2026-05-09,2026-05-13T14:17:21+00:00,2026-05-09
2026-05-18T13:23:55.459118+00:00,2026-05-07T07:34:01.256565Z,2026-05-02,2026-05-15T16:10:58+00:00,2026-05-09,2026-05-15T13:45:31+00:00,2026-05-09,2026-05-13T14:17:21+00:00,2026-05-09
2026-05-18T18:42:56.845585+00:00,2026-05-07T07:34:01.256565Z,2026-05-02,2026-05-15T16:10:58+00:00,2026-05-09,2026-05-15T13:45:31+00:00,2026-05-09,2026-05-13T14:17:21+00:00,2026-05-09
2026-05-19T00:57:33.312805+00:00,2026-05-07T07:34:01.256565Z,2026-05-02,2026-05-15T16:10:58+00:00,2026-05-09,2026-05-15T13:45:31+00:00,2026-05-09,2026-05-13T14:17:21+00:00,2026-05-09
2026-05-19T07:22:42.553960+00:00,2026-05-07T07:34:01.256565Z,2026-05-02,2026-05-15T16:10:58+00:00,2026-05-09,2026-05-15T13:45:31+00:00,2026-05-09,2026-05-13T14:17:21+00:00,2026-05-09
2026-05-19T13:16:06.126192+00:00,2026-05-07T07:34:01.256565Z,2026-05-02,2026-05-15T16:10:58+00:00,2026-05-09,2026-05-15T13:45:31+00:00,2026-05-09,2026-05-13T14:17:21+00:00,2026-05-09
2026-05-19T18:43:54.846532+00:00,2026-05-07T07:34:01.256565Z,2026-05-02,2026-05-15T16:10:58+00:00,2026-05-09,2026-05-15T13:45:31+00:00,2026-05-09,2026-05-13T14:17:21+00:00,2026-05-09
2026-05-20T00:59:31.227914+00:00,2026-05-07T07:34:01.256565Z,2026-05-02,2026-05-15T16:10:58+00:00,2026-05-09,2026-05-15T13:45:31+00:00,2026-05-09,2026-05-13T14:17:21+00:00,2026-05-09
2026-05-20T07:22:42.181437+00:00,2026-05-07T07:34:01.256565Z,2026-05-02,2026-05-15T16:10:58+00:00,2026-05-09,2026-05-15T13:45:31+00:00,2026-05-09,2026-05-13T14:17:21+00:00,2026-05-09
2026-05-20T13:01:51.472111+00:00,2026-05-07T07:34:01.256565Z,2026-05-02,2026-05-15T16:10:58+00:00,2026-05-09,2026-05-15T13:45:31+00:00,2026-05-09,2026-05-13T14:17:21+00:00,2026-05-09
2026-05-20T18:54:26.623270+00:00,2026-05-07T07:34:01.256565Z,2026-05-02,2026-05-15T16:10:58+00:00,2026-05-09,2026-05-15T13:45:31+00:00,2026-05-09,2026-05-20T14:18:25+00:00,2026-05-16
2026-05-21T00:59:26.996969+00:00,2026-05-07T07:34:01.256565Z,2026-05-02,2026-05-15T16:10:58+00:00,2026-05-09,2026-05-15T13:45:31+00:00,2026-05-09,2026-05-20T14:18:25+00:00,2026-05-16
2026-05-21T10:43:07.215058+00:00,2026-05-07T07:34:01.256565Z,2026-05-02,2026-05-15T16:10:58+00:00,2026-05-09,2026-05-15T13:45:31+00:00,2026-05-09,2026-05-20T14:18:25+00:00,2026-05-16
2026-05-21T12:29:36.877271+00:00,2026-05-07T07:34:01.256565Z,2026-05-02,2026-05-15T16:10:58+00:00,2026-05-09,2026-05-15T13:45:31+00:00,2026-05-09,2026-05-20T14:18:25+00:00,2026-05-16
2026-05-21T13:17:06.756872+00:00,2026-05-07T07:34:01.256565Z,2026-05-02,2026-05-15T16:10:58+00:00,2026-05-09,2026-05-15T13:45:31+00:00,2026-05-09,2026-05-20T14:18:25+00:00,2026-05-16
2026-05-21T13:39:23.262003+00:00,2026-05-07T07:34:01.256565Z,2026-05-02,2026-05-15T16:10:58+00:00,2026-05-09,2026-05-15T13:45:31+00:00,2026-05-09,2026-05-20T14:18:25+00:00,2026-05-16
2026-05-21T15:43:13.788139+00:00,2026-05-07T07:34:01.256565Z,2026-05-02,2026-05-15T16:10:58+00:00,2026-05-09,2026-05-15T13:45:31+00:00,2026-05-09,2026-05-20T14:18:25+00:00,2026-05-16
2026-05-21T18:08:41.560842+00:00,2026-05-07T07:34:01.256565Z,2026-05-02,2026-05-15T16:10:58+00:00,2026-05-09,2026-05-15T13:45:31+00:00,2026-05-09,2026-05-20T14:18:25+00:00,2026-05-16
2026-05-21T18:44:19.147357+00:00,2026-05-07T07:34:01.256565Z,2026-05-02,2026-05-15T16:10:58+00:00,2026-05-09,2026-05-15T13:45:31+00:00,2026-05-09,2026-05-20T14:18:25+00:00,2026-05-16
2026-05-21T20:08:08.589287+00:00,2026-05-07T07:34:01.256565Z,2026-05-02,2026-05-15T16:10:58+00:00,2026-05-09,2026-05-15T13:45:31+00:00,2026-05-09,2026-05-20T14:18:25+00:00,2026-05-16
2026-05-21T21:02:33.422596+00:00,2026-05-07T07:34:01.256565Z,2026-05-02,2026-05-15T16:10:58+00:00,2026-05-09,2026-05-15T13:45:31+00:00,2026-05-09,2026-05-20T14:18:25+00:00,2026-05-16
2026-05-21T21:58:15.335832+00:00,2026-05-07T07:34:01.256565Z,2026-05-02,2026-05-15T16:10:58+00:00,2026-05-09,2026-05-15T13:45:31+00:00,2026-05-09,2026-05-20T14:18:25+00:00,2026-05-16
2026-05-22T00:57:39.946642+00:00,2026-05-07T07:34:01.256565Z,2026-05-02,2026-05-15T16:10:58+00:00,2026-05-09,2026-05-15T13:45:31+00:00,2026-05-09,2026-05-20T14:18:25+00:00,2026-05-16
2026-05-22T02:22:17.448756+00:00,2026-05-07T07:34:01.256565Z,2026-05-02,2026-05-15T16:10:58+00:00,2026-05-09,2026-05-15T13:45:31+00:00,2026-05-09,2026-05-20T14:18:25+00:00,2026-05-16
2026-05-22T03:47:09.749913+00:00,2026-05-07T07:34:01.256565Z,2026-05-02,2026-05-15T16:10:58+00:00,2026-05-09,2026-05-15T13:45:31+00:00,2026-05-09,2026-05-20T14:18:25+00:00,2026-05-16
2026-05-22T05:51:54.396504+00:00,2026-05-07T07:34:01.256565Z,2026-05-02,2026-05-15T16:10:58+00:00,2026-05-09,2026-05-15T13:45:31+00:00,2026-05-09,2026-05-20T14:18:25+00:00,2026-05-16
2026-05-22T07:22:39.747759+00:00,2026-05-07T07:34:01.256565Z,2026-05-02,2026-05-15T16:10:58+00:00,2026-05-09,2026-05-15T13:45:31+00:00,2026-05-09,2026-05-20T14:18:25+00:00,2026-05-16
2026-05-22T07:46:57.140675+00:00,2026-05-07T07:34:01.256565Z,2026-05-02,2026-05-15T16:10:58+00:00,2026-05-09,2026-05-15T13:45:31+00:00,2026-05-09,2026-05-20T14:18:25+00:00,2026-05-16
2026-05-22T09:45:14.250499+00:00,2026-05-07T07:34:01.256565Z,2026-05-02,2026-05-15T16:10:58+00:00,2026-05-09,2026-05-15T13:45:31+00:00,2026-05-09,2026-05-20T14:18:25+00:00,2026-05-16
2026-05-22T11:27:48.530921+00:00,2026-05-07T07:34:01.256565Z,2026-05-02,2026-05-15T16:10:58+00:00,2026-05-09,2026-05-15T13:45:31+00:00,2026-05-09,2026-05-20T14:18:25+00:00,2026-05-16
2026-05-22T12:21:07.069379+00:00,2026-05-07T07:34:01.256565Z,2026-05-02,2026-05-15T16:10:58+00:00,2026-05-09,2026-05-15T13:45:31+00:00,2026-05-09,2026-05-20T14:18:25+00:00,2026-05-16
2026-05-22T12:58:04.386129+00:00,2026-05-07T07:34:01.256565Z,2026-05-02,2026-05-15T16:10:58+00:00,2026-05-09,2026-05-15T13:45:31+00:00,2026-05-09,2026-05-20T14:18:25+00:00,2026-05-16
2026-05-22T13:19:57.674912+00:00,2026-05-07T07:34:01.256565Z,2026-05-02,2026-05-15T16:10:58+00:00,2026-05-09,2026-05-15T13:45:31+00:00,2026-05-09,2026-05-20T14:18:25+00:00,2026-05-16
2026-05-22T14:19:09.046706+00:00,2026-05-07T07:34:01.256565Z,2026-05-02,2026-05-15T16:10:58+00:00,2026-05-09,2026-05-15T13:45:31+00:00,2026-05-09,2026-05-20T14:18:25+00:00,2026-05-16
2026-05-22T18:42:41.792053+00:00,2026-05-07T07:34:01.256565Z,2026-05-02,2026-05-22T16:04:05+00:00,2026-05-16,2026-05-22T15:07:39+00:00,2026-05-16,2026-05-20T14:18:25+00:00,2026-05-16
2026-05-23T00:55:36.197814+00:00,2026-05-07T07:34:01.256565Z,2026-05-02,2026-05-22T16:04:05+00:00,2026-05-16,2026-05-22T15:07:39+00:00,2026-05-16,2026-05-20T14:18:25+00:00,2026-05-16
2026-05-23T07:02:03.304635+00:00,2026-05-07T07:34:01.256565Z,2026-05-02,2026-05-22T16:04:05+00:00,2026-05-16,2026-05-22T15:07:39+00:00,2026-05-16,2026-05-20T14:18:25+00:00,2026-05-16
2026-05-23T08:19:24.282782+00:00,2026-05-07T07:34:01.256565Z,2026-05-02,2026-05-22T16:04:05+00:00,2026-05-16,2026-05-22T15:07:39+00:00,2026-05-16,2026-05-20T14:18:25+00:00,2026-05-16
2026-05-23T09:12:55.617839+00:00,2026-05-07T07:34:01.256565Z,2026-05-02,2026-05-22T16:04:05+00:00,2026-05-16,2026-05-22T15:07:39+00:00,2026-05-16,2026-05-20T14:18:25+00:00,2026-05-16
2026-05-23T10:08:41.764085+00:00,2026-05-07T07:34:01.256565Z,2026-05-02,2026-05-22T16:04:05+00:00,2026-05-16,2026-05-22T15:07:39+00:00,2026-05-16,2026-05-20T14:18:25+00:00,2026-05-16
2026-05-23T11:00:01.643317+00:00,2026-05-07T07:34:01.256565Z,2026-05-02,2026-05-22T16:04:05+00:00,2026-05-16,2026-05-22T15:07:39+00:00,2026-05-16,2026-05-20T14:18:25+00:00,2026-05-16
2026-05-23T11:51:36.252440+00:00,2026-05-07T07:34:01.256565Z,2026-05-02,2026-05-22T16:04:05+00:00,2026-05-16,2026-05-22T15:07:39+00:00,2026-05-16,2026-05-20T14:18:25+00:00,2026-05-16
2026-05-23T12:27:46.049186+00:00,2026-05-07T07:34:01.256565Z,2026-05-02,2026-05-22T16:04:05+00:00,2026-05-16,2026-05-22T15:07:39+00:00,2026-05-16,2026-05-20T14:18:25+00:00,2026-05-16
2026-05-23T14:06:34.202428+00:00,2026-05-07T07:34:01.256565Z,2026-05-02,2026-05-22T16:04:05+00:00,2026-05-16,2026-05-22T15:07:39+00:00,2026-05-16,2026-05-20T14:18:25+00:00,2026-05-16
2026-05-23T14:52:09.478245+00:00,2026-05-07T07:34:01.256565Z,2026-05-02,2026-05-22T16:04:05+00:00,2026-05-16,2026-05-22T15:07:39+00:00,2026-05-16,2026-05-20T14:18:25+00:00,2026-05-16
2026-05-23T18:26:27.008001+00:00,2026-05-07T07:34:01.256565Z,2026-05-02,2026-05-22T16:04:05+00:00,2026-05-16,2026-05-22T15:07:39+00:00,2026-05-16,2026-05-20T14:18:25+00:00,2026-05-16
2026-05-24T00:58:38.710297+00:00,2026-05-07T07:34:01.256565Z,2026-05-02,2026-05-22T16:04:05+00:00,2026-05-16,2026-05-22T15:07:39+00:00,2026-05-16,2026-05-20T14:18:25+00:00,2026-05-16
2026-05-24T07:13:41.787057+00:00,2026-05-07T07:34:01.256565Z,2026-05-02,2026-05-22T16:04:05+00:00,2026-05-16,2026-05-22T15:07:39+00:00,2026-05-16,2026-05-20T14:18:25+00:00,2026-05-16
2026-05-24T12:30:34.671840+00:00,2026-05-07T07:34:01.256565Z,2026-05-02,2026-05-22T16:04:05+00:00,2026-05-16,2026-05-22T15:07:39+00:00,2026-05-16,2026-05-20T14:18:25+00:00,2026-05-16
2026-05-24T18:27:51.977129+00:00,2026-05-07T07:34:01.256565Z,2026-05-02,2026-05-22T16:04:05+00:00,2026-05-16,2026-05-22T15:07:39+00:00,2026-05-16,2026-05-20T14:18:25+00:00,2026-05-16
2026-05-25T00:59:49.150971+00:00,2026-05-07T07:34:01.256565Z,2026-05-02,2026-05-22T16:04:05+00:00,2026-05-16,2026-05-22T15:07:39+00:00,2026-05-16,2026-05-20T14:18:25+00:00,2026-05-16
2026-05-25T07:44:09.070012+00:00,2026-05-07T07:34:01.256565Z,2026-05-02,2026-05-22T16:04:05+00:00,2026-05-16,2026-05-22T15:07:39+00:00,2026-05-16,2026-05-20T14:18:25+00:00,2026-05-16
2026-05-25T13:17:56.497906+00:00,2026-05-07T07:34:01.256565Z,2026-05-02,2026-05-22T16:04:05+00:00,2026-05-16,2026-05-22T15:07:39+00:00,2026-05-16,2026-05-20T14:18:25+00:00,2026-05-16
2026-05-25T18:39:47.533572+00:00,2026-05-07T07:34:01.256565Z,2026-05-02,2026-05-22T16:04:05+00:00,2026-05-16,2026-05-22T15:07:39+00:00,2026-05-16,2026-05-20T14:18:25+00:00,2026-05-16
2026-05-26T00:56:40.722240+00:00,2026-05-07T07:34:01.256565Z,2026-05-02,2026-05-22T16:04:05+00:00,2026-05-16,2026-05-22T15:07:39+00:00,2026-05-16,2026-05-20T14:18:25+00:00,2026-05-16
2026-05-26T07:21:48.094130+00:00,2026-05-07T07:34:01.256565Z,2026-05-02,2026-05-22T16:04:05+00:00,2026-05-16,2026-05-22T15:07:39+00:00,2026-05-16,2026-05-20T14:18:25+00:00,2026-05-16
2026-05-26T13:09:34.685667+00:00,2026-05-07T07:34:01.256565Z,2026-05-02,2026-05-22T16:04:05+00:00,2026-05-16,2026-05-22T15:07:39+00:00,2026-05-16,2026-05-20T14:18:25+00:00,2026-05-16
2026-05-26T18:54:30.633625+00:00,2026-05-07T07:34:01.256565Z,2026-05-02,2026-05-22T16:04:05+00:00,2026-05-16,2026-05-22T15:07:39+00:00,2026-05-16,2026-05-20T14:18:25+00:00,2026-05-16
2026-05-27T00:58:59.694570+00:00,2026-05-07T07:34:01.256565Z,2026-05-02,2026-05-22T16:04:05+00:00,2026-05-16,2026-05-22T15:07:39+00:00,2026-05-16,2026-05-20T14:18:25+00:00,2026-05-16
2026-05-27T07:35:10.320444+00:00,2026-05-07T07:34:01.256565Z,2026-05-02,2026-05-22T16:04:05+00:00,2026-05-16,2026-05-22T15:07:39+00:00,2026-05-16,2026-05-20T14:18:25+00:00,2026-05-16
2026-05-27T13:20:23.152886+00:00,2026-05-07T07:34:01.256565Z,2026-05-02,2026-05-22T16:04:05+00:00,2026-05-16,2026-05-22T15:07:39+00:00,2026-05-16,2026-05-20T14:18:25+00:00,2026-05-16
2026-05-27T18:53:49.526462+00:00,2026-05-07T07:34:01.256565Z,2026-05-02,2026-05-22T16:04:05+00:00,2026-05-16,2026-05-22T15:07:39+00:00,2026-05-16,2026-05-20T14:18:25+00:00,2026-05-16
2026-05-28T00:53:29.556633+00:00,2026-05-07T07:34:01.256565Z,2026-05-02,2026-05-22T16:04:05+00:00,2026-05-16,2026-05-22T15:07:39+00:00,2026-05-16,2026-05-27T19:21:40+00:00,2026-05-23
2026-05-28T07:29:59.036986+00:00,2026-05-07T07:34:01.256565Z,2026-05-02,2026-05-22T16:04:05+00:00,2026-05-16,2026-05-22T15:07:39+00:00,2026-05-16,2026-05-27T19:21:40+00:00,2026-05-23
